Time,PINN_MSE,PINN_MAE,PINN_RMSE,PINN_RelL2,PINN_MaxAE,QPINN_MSE,QPINN_MAE,QPINN_RMSE,QPINN_RelL2,QPINN_MaxAE,PINN_Boundary_Error,QPINN_Boundary_Error,PINN_Energy,QPINN_Energy,Analytical_Energy
0.0,2.0099987333054886e-06,0.0009931156912449087,0.001417744241147002,0.05805650397681514,0.00383206178353096,7.2440117228025955e-06,0.00016801397284458853,0.0026914701786946472,0.11021547088524779,0.12393832985648867,2.7342818e-24,2.425834292513812e-22,0.003127229865640402,0.001942512496509801,0.0019689083837640736
0.05263157894736842,1.9593259885304403e-06,0.000980855072101557,0.0013997592609196912,0.0745782259097934,0.003770569010746072,3.532274316227205e-06,0.0001588843321686332,0.0018794345735425868,0.10013500186899423,0.0790630176773337,6.2306106e-18,1.2713296080699214e-24,0.0031127240508794785,0.001979186731959911,0.0019687030623430322
0.10526315789473684,1.9777789265563337e-06,0.0009842972657569677,0.0014063352824118202,0.09102736693813883,0.003750447405470314,3.2383166228047e-06,0.00017374976008425257,0.0017995323344704589,0.11647769360231423,0.055319077824279916,1.7018317e-14,1.371677796860747e-26,0.003116736887022853,0.0019870028641272267,0.001968701285158222
0.15789473684210525,2.0847618112462007e-06,0.0010118294933053763,0.0014438704274436127,0.10905900868510233,0.0038555112551426074,2.4253472307382077e-06,0.00017072716730075045,0.001557352635320019,0.11763059299014961,0.04617853562675525,2.3951433e-12,1.0112165485582069e-35,0.003148849355056882,0.0019560778069739188,0.0019687012417054935
0.21052631578947367,2.0608473319967055e-06,0.001005650913811279,0.0014355651611810262,0.12323456107828104,0.0038481114360223168,1.762281331030537e-06,0.00016273668833924912,0.001327509446682221,0.11395863344480102,0.03634760684754634,7.036547e-11,2.32987013509425e-36,0.003141643013805151,0.0019684861652237047,0.0019687012177766194
0.2631578947368421,2.083173156090604e-06,0.0010110191575898424,0.0014433201848829678,0.13820815655810245,0.0038374283538432363,1.6514525217178016e-06,0.0001764295724373632,0.0012850885268018703,0.12305635171149201,0.030320988349016587,8.177883e-10,6.305276265408197e-37,0.0031479038298130035,0.0020099188841668325,0.0019687009406017942
0.3157894736842105,2.0887421193980534e-06,0.0010123237009882515,0.00144524811689829,0.15224060266734443,0.003883221898697359,1.2500763532812374e-06,0.00016817999295617292,0.001118068134453906,0.11777587849602096,0.026419449009369267,5.2480726e-09,1.7682848026891204e-37,0.0031494239810854197,0.001979432884390154,0.0019686992431522067
0.3684210526315789,2.116146388577884e-06,0.001019369858921746,0.0014546980403430411,0.16676341559881255,0.003864367902629187,1.0571716929677119e-06,0.00017086421335554721,0.0010281885493272681,0.11786929631455978,0.018468994226704755,2.2508663e-08,4.2460178631679043e-38,0.003157634986564517,0.0019708580943603796,0.001968692371245036
0.42105263157894735,2.146338360613507e-06,0.0010266995699892444,0.0014650386891183137,0.18121312238322076,0.00390893308150124,7.910570418190883e-07,0.00016555129733529915,0.0008894138754365643,0.11001311204676638,0.017353755062497533,7.25377e-08,1.1545491344032012e-38,0.0031661633402109146,0.001971337225646529,0.0019686715853952995
0.47368421052631576,2.1574218081669237e-06,0.0010291991989174662,0.0014688164651061493,0.19466172065049636,0.003931084075522562,7.671010052649708e-07,0.000169690784847272,0.0008758430254703013,0.11607516283218142,0.017367527886204825,1.894868e-07,2.8610531802070275e-39,0.003169027855619788,0.0019611122423450096,0.0019686207279927233
0.5263157894736842,2.176836914239434e-06,0.0010335799282130097,0.0014754107611914162,0.2082913951838341,0.003957849240914121,6.909566809219515e-07,0.00017154631787602066,0.0008312380410700365,0.11735018874644926,0.014418641039479069,4.2232938e-07,5.370283922954024e-40,0.00317403138615191,0.001971587530127689,0.001968514547933867
0.5789473684210527,2.1799557874475863e-06,0.0010345483179878476,0.001476467333687944,0.22094983502584536,0.0039436400966939705,5.76472758291706e-07,0.0001663302245788445,0.0007592580314304921,0.11362116381375459,0.012265569236109483,8.324526e-07,1.1508823339993228e-41,0.003174964338541031,0.001965701472724409,0.0019683182329594583
0.631578947368421,2.176932031555055e-06,0.0010340384763373458,0.0014754429950204972,0.23306544173337926,0.0039747015004613084,5.262258702858365e-07,0.00016836186773150854,0.000725414274939387,0.11458863473481638,0.01003664968752472,1.4891231e-06,1.146003257416219e-21,0.0031740397680550814,0.001959060659945062,0.0019679881695758134
0.6842105263157894,2.17413338668536e-06,0.0010337343596901864,0.0014744942816726555,0.24496506963198003,0.003959955138408321,4.940311388417919e-07,0.0001687557650924743,0.0007028734870812754,0.11677186873184627,0.01120452479482198,2.464096e-06,2.561092941558519e-21,0.003173170378431678,0.001965350201958958,0.001967473653862615
0.7368421052631579,2.1732880682326316e-06,0.0010340208676691853,0.0014742076068968819,0.25677027984259493,0.003941607414149055,4.6595351249782095e-07,0.00017195978923195067,0.00068260787608833,0.11889330549236536,0.010315571622948938,3.8264593e-06,4.098903375419561e-21,0.0031727503519505262,0.0019689561985572644,0.0019667191614684255
0.7894736842105263,2.1781191928633855e-06,0.001035686703831033,0.0014758452469223816,0.26874191636692124,0.003928107401732495,3.7833454622570283e-07,0.0001621382177323407,0.000615089055524241,0.11200375639831409,0.008129647283717269,5.6384347e-06,5.943977149308966e-21,0.0031736406963318586,0.0019640730355602876,0.001965666803698913
0.8421052631578947,2.183207284639774e-06,0.001037778963198429,0.0014775680304607887,0.2805889997916815,0.003939539880664027,3.859061580247864e-07,0.0001722622699935575,0.0006212134560879911,0.1179679437477439,0.008467639831308008,7.9523925e-06,8.003515391177087e-21,0.00317467306740582,0.001966279053382992,0.0019642586819219984
0.894736842105263,2.188257477392771e-06,0.0010401651774116752,0.001479275997707247,0.29230493580188793,0.0039515862815568265,3.584423672895129e-07,0.00017114469439300566,0.0005987005656331994,0.1183032312247386,0.0069936212588045665,1.0809116e-05,1.0254495046109096e-20,0.0031756365206092596,0.0019733818816484493,0.00196243895408486
0.9473684210526315,2.1981700176990313e-06,0.0010442056299356972,0.0014826226821747438,0.30423880778915663,0.003951305393919895,2.9518791072075137e-07,0.00016355024985764582,0.0005433119828613679,0.11148931681042716,0.006535464213858842,1.4237153e-05,1.2985261627272689e-20,0.0031780656427145004,0.001977999251443115,0.0019601555171612235
1.0,2.1833938564764208e-06,0.001042512000651004,0.001477631163882388,0.3143146164483606,0.003937388159995225,2.921794457609058e-07,0.0001688069194276264,0.0005405362575821402,0.11498028102761758,0.006410365616936753,1.8252955e-05,1.5730886637041163e-20,0.0031732958741486073,0.0019527321189090779,0.0019573612772315
