Epoch,Total_Loss
1,0.004527690354734659
2,0.0028820589650422335
3,0.006567757111042738
4,0.0045384555123746395
5,0.002758513204753399
6,0.0038166227750480175
7,0.005178788211196661
8,0.0037827070336788893
9,0.0028348295018076897
10,0.0037138587795197964
11,0.0054395077750086784
12,0.0029504827689379454
13,0.005610057618469
14,0.003929856698960066
15,0.0018007189501076937
16,0.007041524164378643
17,0.00386486342176795
18,0.00171059335116297
19,0.0043310848996043205
20,0.004722905810922384
21,0.0017373979790136218
22,0.0015739776426926255
23,0.002477611182257533
24,0.001833002083003521
25,0.002007965696975589
26,0.0016600823728367686
27,0.00398620031774044
28,0.001323125557973981
29,0.0013935284223407507
30,0.0013694057706743479
31,0.0017525493167340755
32,0.00241714995354414
33,0.0017190678045153618
34,0.0013395145069807768
35,0.0031549648847430944
36,0.0016790346708148718
37,0.0010148208821192384
38,0.0015446464531123638
39,0.0015237778425216675
40,0.0015510271769016981
41,0.0013918649638071656
42,0.002760765142738819
43,0.0011656972346827388
44,0.0011042046826332808
45,0.0012180458288639784
46,0.0019673092756420374
47,0.0010951892472803593
48,0.0017891913885250688
49,0.0008120106649585068
50,0.0026511282194405794
51,0.0025579161010682583
52,0.0008572217193432152
53,0.0011458746157586575
54,0.0012531178072094917
55,0.0007148601580411196
56,0.0011527144815772772
57,0.0009053352405317128
58,0.0008763329824432731
59,0.0005121217109262943
60,0.0006420717691071332
61,0.0013041385682299733
62,0.0013060927158221602
63,0.0005561757716350257
64,0.0010201743571087718
65,0.001022153184749186
66,0.0009381944546476007
67,0.0005881012766622007
68,0.0013256057864055037
69,0.0006749383173882961
70,0.000504955358337611
71,0.0009355873917229474
72,0.0005167688359506428
73,0.0003153537691105157
74,0.000696481904014945
75,0.0006530804093927145
76,0.00034707150189206004
77,0.0005080863484181464
78,0.0007819068268872797
79,0.0006812537321820855
80,0.00038071253220550716
81,0.0005356428446248174
82,0.00045335490722209215
83,0.0006169334519654512
84,0.00035886067780666053
85,0.0004270830249879509
86,0.0003363346913829446
87,0.0003384992014616728
88,0.00048095418605953455
89,0.0003926202771253884
90,0.0003895302361343056
91,0.00021268625278025866
92,0.0006319142994470894
93,0.0002632372488733381
94,0.0005209956434555352
95,0.00037521717604249716
96,0.0007239147089421749
97,0.00038326982758007944
98,0.0003618458576966077
99,0.0008428076398558915
100,0.0002574695972725749
101,0.0006778360693715513
102,0.0004978837096132338
103,0.0004397669981699437
104,0.0004319477884564549
105,0.0003208145499229431
106,0.000796986510977149
107,0.0003669208090286702
108,0.0002840712550096214
109,0.00035339800524525344
110,0.0003900082956533879
111,0.00031155909528024495
112,0.0001933084276970476
113,0.0002754151064436883
114,0.00043555189040489495
115,0.00023074990895111114
116,0.00038632028736174107
117,0.0006004479946568608
118,0.00035760022001340985
119,0.00021218042820692062
120,0.0006432445952668786
121,0.0005612774402834475
122,0.00043535546865314245
123,0.0008267128141596913
124,0.0005332193104550242
125,0.00031792500521987677
126,0.0006252615712583065
127,0.00036295223981142044
128,0.00035750027745962143
129,0.00023569072072859854
130,0.0002992901427205652
131,0.00021683229715563357
132,0.0002515092201065272
133,0.0005146291805431247
134,0.0004509009886533022
135,0.0003321318363305181
136,0.00023543756105937064
137,0.00034587038680911064
138,0.0004010422562714666
139,0.00015142082702368498
140,0.0002609216026030481
141,0.0003439458378124982
142,0.0005042230477556586
143,0.0002961756254080683
144,0.00025373074458912015
145,0.00027966106426902115
146,0.00021803387789987028
147,0.0002772026928141713
148,0.0005586860934272408
149,0.00020421322551555932
150,0.00029217786504887044
151,0.0005328200641088188
152,0.00023879749642219394
153,0.0003933789557777345
154,0.00033715038443915546
155,0.0003305584832560271
156,0.00027862153365276754
157,0.0005698480526916683
158,0.00048129784408956766
159,0.0002974586095660925
160,0.000407031417125836
161,0.0006539541645906866
162,0.0003274701302871108
163,0.00023847400734666735
164,0.000590994895901531
165,0.00025957057368941605
166,0.00020722152839880437
167,0.00014161781291477382
168,0.00021187715174164623
169,0.0003615128807723522
170,0.00014325247320812196
171,0.00024023678270168602
172,0.00024631014093756676
173,0.00018664206436369568
174,0.00022007941151969135
175,0.00012762870755977929
176,0.00016870515537448227
177,0.00018054305110126734
178,0.00016552327724639326
179,0.0003158528415951878
180,0.00022828191868029535
181,0.00017490395111963153
182,0.0001153542471001856
183,0.0001843708596425131
184,0.00015386064478661865
185,0.0001449968694942072
186,0.00028380760340951383
187,0.00017485261196270585
188,0.00019207684090361
189,0.00015233078738674521
190,0.00015161979536060244
191,9.736978972796351e-05
192,0.00017565104644745588
193,0.00014951566117815673
194,0.00013049785047769547
195,0.0001717864506645128
196,0.0002141466538887471
197,0.00015586377412546426
198,0.0001583416888024658
199,8.769228588789701e-05
200,0.00011637798161245883
201,0.00012061487359460443
202,0.00014769718109164387
203,0.0002659895981196314
204,0.00014137101243250072
205,0.00014781707432121038
206,0.00018892819934990257
207,8.65776528371498e-05
208,8.688520028954372e-05
209,0.0001352183026028797
210,0.0002057099191006273
211,9.84721482382156e-05
212,9.243027307093143e-05
213,0.00012986804358661175
214,0.00012202630750834942
215,0.00010893695434788242
216,0.0001472988078603521
217,0.0001686771574895829
218,0.00016750780923757702
219,0.00016013061394914985
220,0.0001750313676893711
221,0.00012954146950505674
222,0.00010638350795488805
223,0.000227931363042444
224,0.00017440768715459853
225,0.00010133965406566858
226,0.00010661116539267823
227,0.0005107969627715647
228,0.00018147259834222496
229,0.0002489594626240432
230,0.00023776982561685145
231,0.0001899221388157457
232,0.00015491867088712752
233,0.00023793434957042336
234,0.00015058463031891733
235,0.00017499168461654335
236,0.00010207859304500744
237,0.00014236618881113827
238,8.187242201529443e-05
239,9.491499804425985e-05
240,0.00018039063434116542
241,0.00012925844930578023
242,0.00017403213132638484
243,0.00011019765224773437
244,0.00010074629244627431
245,0.00010325043695047498
246,0.00014815953909419477
247,0.0001279355783481151
248,0.0001674877421464771
249,6.293176556937397e-05
250,0.0002213238476542756
251,0.00011796766921179369
252,0.00010646130976965651
253,0.00011581472062971443
254,7.473418372683227e-05
255,0.00017214175022672862
256,0.0001830167166190222
257,9.151195990853012e-05
258,0.00012485080515034497
259,0.00010607200965750962
260,8.486137085128576e-05
261,0.00015281881496775895
262,0.00012734186020679772
263,8.559704292565584e-05
264,8.14979212009348e-05
265,0.00014446800923906267
266,0.00013325737381819636
267,7.880511839175597e-05
268,0.00010187333828071132
269,8.361602522199973e-05
270,0.00013120652874931693
271,9.298232180299237e-05
272,0.00011501882545417175
273,9.194593440042809e-05
274,9.305064304498956e-05
275,6.821649731136858e-05
276,0.00011984063894487917
277,0.00015270407311618328
278,8.075271762209013e-05
279,8.565108146285638e-05
280,0.00010066666436614469
281,0.00014267995720729232
282,8.513680950272828e-05
283,9.108399535762146e-05
284,0.00011678496230160818
285,6.781394040444866e-05
286,7.345728954533115e-05
287,9.861458966042846e-05
288,0.00010454899893375114
289,0.00015371314657386392
290,0.00012260537187103182
291,8.846158016240224e-05
292,0.00020029932784382254
293,0.0002141182339983061
294,7.939903298392892e-05
295,0.00011751233978429809
296,0.00017287753871642053
297,0.0001685965689830482
298,0.00012475962284952402
299,0.00013039038458373398
300,0.00010015887528425083
301,0.00017392060544807464
302,0.0002372969756834209
303,0.0001190337716252543
304,7.142359390854836e-05
305,9.465060429647565e-05
306,0.00010659303370630369
307,9.34834752115421e-05
308,9.959976887330413e-05
309,0.00012578858877532184
310,8.965448068920523e-05
311,0.0001057818517438136
312,0.00022758754494134337
313,8.634268306195736e-05
314,8.683774649398401e-05
315,7.891421410022303e-05
316,5.216515273787081e-05
317,7.648714381502941e-05
318,8.364275709027424e-05
319,5.1979179261252284e-05
320,7.13150657247752e-05
321,0.00012470620276872069
322,6.448151543736458e-05
323,6.071761890780181e-05
324,5.916929876548238e-05
325,8.119243284454569e-05
326,0.00013249090989120305
327,0.00011319226177874953
328,0.00010186632425757125
329,0.00010376013233326375
330,0.00016859747120179236
331,7.129202276701108e-05
332,5.985079042147845e-05
333,6.392733484972268e-05
334,6.22993684373796e-05
335,8.400579099543393e-05
336,6.167405081214383e-05
337,0.0001156345970230177
338,8.651798270875588e-05
339,5.641381721943617e-05
340,0.00011433449253672734
341,0.00010291708895238116
342,9.16651842999272e-05
343,9.627232066122815e-05
344,9.720074740471318e-05
345,6.545588985318318e-05
346,8.592950325692073e-05
347,7.845748768886551e-05
348,8.297860040329397e-05
349,7.689758786000311e-05
350,6.77329080644995e-05
351,0.00012994854478165507
352,0.00011571223149076104
353,0.00011383446690160781
354,5.8719633670989424e-05
355,0.00011122140858788043
356,0.00013347294589038938
357,0.00010505466343602166
358,0.00010099384962813929
359,0.00011928322055609897
360,7.763363828416914e-05
361,0.00012151299597462639
362,0.0001633754000067711
363,0.00012675490870606154
364,6.244135875022039e-05
365,5.835304909851402e-05
366,6.329817551886663e-05
367,0.00020192921510897577
368,9.763409616425633e-05
369,0.0001336889254162088
370,7.136489148251712e-05
371,7.094046304700896e-05
372,0.00010938884224742651
373,0.00016369034710805863
374,0.0001222554565174505
375,4.2282834328943864e-05
376,4.6112327254377306e-05
377,5.1690807595150545e-05
378,8.656323188915849e-05
379,7.422017370117828e-05
380,9.462019079364836e-05
381,7.231877680169418e-05
382,6.875257531646639e-05
383,0.00016998383216559887
384,8.092844655038789e-05
385,9.810901246964931e-05
386,0.0001015909219859168
387,9.653133747633547e-05
388,0.00010849865793716162
389,7.15074420440942e-05
390,0.00010444496729178354
391,0.00011203739268239588
392,0.00013608466542791575
393,9.067580685950816e-05
394,6.658894562860951e-05
395,0.00013284775195643306
396,7.966472185216844e-05
397,0.00011758410255424678
398,8.09005432529375e-05
399,9.32973125600256e-05
400,0.00011489167809486389
401,6.597680476261303e-05
402,7.592544716317207e-05
403,8.017835352802649e-05
404,6.424706225516275e-05
405,8.828739373711869e-05
406,7.358055881923065e-05
407,6.579094770131633e-05
408,8.229780360125005e-05
409,0.00013338944700080901
410,0.0001376559230266139
411,8.34058373584412e-05
412,0.0001251876528840512
413,5.915241490583867e-05
414,8.65187612362206e-05
415,9.71849585766904e-05
416,0.0001135992570198141
417,7.197265949798748e-05
418,8.08282129582949e-05
419,6.70448862365447e-05
420,9.828615293372422e-05
421,6.732819747412577e-05
422,6.121605838416144e-05
423,8.957749378168955e-05
424,0.00010246154124615714
425,9.86166633083485e-05
426,0.00012184941442683339
427,5.557707845582627e-05
428,0.00010942596418317407
429,7.673679647268727e-05
430,6.52440867270343e-05
431,6.702318205498159e-05
432,0.00010145914711756632
433,7.115443440852687e-05
434,9.185208909912035e-05
435,4.6644636313430965e-05
436,5.5027521739248186e-05
437,5.202480315347202e-05
438,8.727842941880226e-05
439,8.951049676397815e-05
440,7.525234832428396e-05
441,0.00010384265624452382
442,0.0001692543301032856
443,6.864011083962396e-05
444,6.81862875353545e-05
445,8.720428013475612e-05
446,5.6963654060382396e-05
447,3.980415567639284e-05
448,6.403387669706717e-05
449,6.358685641316697e-05
450,6.771430344088003e-05
451,8.484603313263506e-05
452,8.089477341854945e-05
453,0.00011107459431514144
454,7.584719423903152e-05
455,0.00017557840328663588
456,9.145226795226336e-05
457,6.376083911163732e-05
458,7.07219514879398e-05
459,6.953411502763629e-05
460,8.195720874937251e-05
461,8.549992344342172e-05
462,6.396268872777e-05
463,0.00010328783537261188
464,6.84793121763505e-05
465,7.833894051145762e-05
466,0.0001242171274498105
467,8.800392970442772e-05
468,0.00010351675882702693
469,6.132757698651403e-05
470,0.00014523403660859913
471,7.045899837976322e-05
472,6.768926687072963e-05
473,9.380224219057709e-05
474,6.634990131715313e-05
475,9.15147247724235e-05
476,0.00010078777268063277
477,6.692996248602867e-05
478,9.072553075384349e-05
479,0.00013740183203481138
480,0.00010962309170281515
481,0.00012568010424729437
482,8.682269981363788e-05
483,6.295349885476753e-05
484,5.853752008988522e-05
485,0.00010936384205706418
486,8.327473187819123e-05
487,6.702460086671636e-05
488,4.3942502088611946e-05
489,5.6306544138351455e-05
490,5.160307773621753e-05
491,8.336422615684569e-05
492,5.493270145962015e-05
493,5.56916966161225e-05
494,6.483460310846567e-05
495,6.233889143913984e-05
496,9.023812890518457e-05
497,9.018219134304672e-05
498,8.665325731271878e-05
499,8.271857223007828e-05
500,7.184923742897809e-05
501,5.465838694362901e-05
502,7.351845852099359e-05
503,9.483314352110028e-05
504,7.910747808637097e-05
505,6.64027247694321e-05
506,0.00011813246965175495
507,9.881640289677307e-05
508,0.00015459515270777047
509,0.00022134186292532831
510,0.00012282237003091723
511,0.0001954940235009417
512,0.00017353762814309448
513,6.426333857234567e-05
514,0.00025450714747421443
515,0.00018722076492849737
516,6.259157817112282e-05
517,3.98612319258973e-05
518,0.00011834773613372818
519,0.00011561537394300103
520,6.645435496466234e-05
521,0.00020755395235028118
522,0.00027881836285814643
523,6.777387170586735e-05
524,0.0002610731462482363
525,0.00013962980301585048
526,0.00013252272037789226
527,0.00012052249803673476
528,0.0001662786671658978
529,0.00011701739276759326
530,0.00015276813064701855
531,0.00010377458238508552
532,0.0002695237926673144
533,0.0002630296803545207
534,0.00016877135203685611
535,0.00018064856703858823
536,0.0001974973565666005
537,0.00012574637366924435
538,0.00013094116002321243
539,7.411129627143964e-05
540,0.0001410517725162208
541,9.354870417155325e-05
542,0.000132535511511378
543,5.8909543440677226e-05
544,0.00017855352780316025
545,5.197782229515724e-05
546,0.00016324060561601073
547,0.00011355128663126379
548,0.00011487522715469822
549,0.00013995404879096895
550,0.00013014450087212026
551,0.0001640146947465837
552,0.00015378720127046108
553,0.00016481991042383015
554,0.00022645032731816173
555,6.731433677487075e-05
556,5.633476757793687e-05
557,0.00016143415996339172
558,0.0001005112862912938
559,7.792006363160908e-05
560,5.2637951739598066e-05
561,8.454993803752586e-05
562,8.802580850897357e-05
563,9.124144708039239e-05
564,9.197270992444828e-05
565,5.0400267355144024e-05
566,5.5049251386662945e-05
567,6.854961247881874e-05
568,0.00010475174349267036
569,3.5472614399623126e-05
570,0.00019683563732542098
571,0.00010932930308626965
572,0.0002355099277338013
573,0.00018351913604419678
574,0.00011020876263501123
575,5.771368523710407e-05
576,0.00012786379375029355
577,4.9716698413249105e-05
578,0.00013213505735620856
579,5.955177402938716e-05
580,0.00019646325381472707
581,0.00010947672853944823
582,0.00011319144687149674
583,5.264093852019869e-05
584,0.00018776103388518095
585,6.326578295556828e-05
586,0.00017507444135844707
587,5.918735041632317e-05
588,8.344905654666945e-05
589,7.704035670030862e-05
590,0.00012917467392981052
591,5.129246346768923e-05
592,0.0003510933311190456
593,3.976999141741544e-05
594,0.00027756148483604193
595,5.80688938498497e-05
596,0.0001175512297777459
597,4.11696128139738e-05
598,6.444077007472515e-05
599,7.369448576355353e-05
600,4.85442578792572e-05
601,0.0001391031255479902
602,4.796803477802314e-05
603,0.00016232178313657641
604,6.844338349765167e-05
605,9.711980965221301e-05
606,3.004385143867694e-05
607,9.684414544608444e-05
608,4.562687536235899e-05
609,8.789178536972031e-05
610,9.155824227491394e-05
611,7.876097515691072e-05
612,7.229592301882803e-05
613,7.183374691521749e-05
614,3.851139626931399e-05
615,6.987171218497679e-05
616,3.423542875680141e-05
617,2.6753741622087546e-05
618,4.3127780372742563e-05
619,3.0264578526839614e-05
620,1.8336582797928713e-05
621,3.756482692551799e-05
622,0.00012400730338413268
623,0.000102421356132254
624,7.829135574866086e-05
625,6.67860804242082e-05
626,0.00010373784607509151
627,5.276983210933395e-05
628,8.544385491404682e-05
629,3.1390070944326e-05
630,0.00013272631622385234
631,3.7327037716750056e-05
632,7.815003482392058e-05
633,5.4619391448795795e-05
634,0.0001410981494700536
635,3.0956663977121934e-05
636,5.5386655731126666e-05
637,4.4889722630614415e-05
638,8.564320160076022e-05
639,8.4197788964957e-05
640,8.053540659602731e-05
641,7.371984975179657e-05
642,5.676797081832774e-05
643,8.616790000814945e-05
644,4.414040449773893e-05
645,7.17053480912e-05
646,5.664005220751278e-05
647,0.00010094026947626844
648,5.361610965337604e-05
649,7.589060260215774e-05
650,5.4263411584543064e-05
651,3.3811142202466726e-05
652,7.34457717044279e-05
653,2.748022961895913e-05
654,4.0245053241960704e-05
655,5.441410394269042e-05
656,2.213623156421818e-05
657,4.3684041884262115e-05
658,3.637512418208644e-05
659,3.5377408494241536e-05
660,4.89372578158509e-05
661,3.637079134932719e-05
662,6.918465078342706e-05
663,2.431565553706605e-05
664,3.179503255523741e-05
665,4.494572203839198e-05
666,2.2019699827069417e-05
667,0.0001143124172813259
668,3.84205486625433e-05
669,6.725857383571565e-05
670,2.896366459026467e-05
671,3.771116098505445e-05
672,1.9850293028866872e-05
673,1.7992537323152646e-05
674,3.741473483387381e-05
675,4.0591137803858146e-05
676,5.1419963710941374e-05
677,3.74416631530039e-05
678,3.367441240698099e-05
679,2.2663374693365768e-05
680,4.082153827766888e-05
681,5.653456537402235e-05
682,9.121411858359352e-05
683,2.6535448341746815e-05
684,3.062661562580615e-05
685,5.2603503718273714e-05
686,4.625307701644488e-05
687,6.393898365786299e-05
688,2.1595640646410175e-05
689,0.00010840068716788664
690,3.121444387943484e-05
691,0.0001304032193729654
692,2.1227840989013202e-05
693,0.00013669233885593712
694,2.2914806322660297e-05
695,0.0001238001132151112
696,2.7917032639379613e-05
697,6.296719220699742e-05
698,2.5099829144892283e-05
699,4.7433990403078496e-05
700,5.4155021643964574e-05
701,4.1367686208104715e-05
702,5.339783092495054e-05
703,6.025743277859874e-05
704,6.05538698437158e-05
705,4.4767410145141184e-05
706,7.208499300759286e-05
707,6.199149356689304e-05
708,4.212966814520769e-05
709,6.200094503583387e-05
710,2.207177021773532e-05
711,1.9593770048231818e-05
712,3.4568114642752334e-05
713,4.405903382576071e-05
714,4.3312160414643586e-05
715,3.4689950553001836e-05
716,3.84860577469226e-05
717,2.1608495444525033e-05
718,8.391552546527237e-05
719,2.2045154764782637e-05
720,7.486843969672918e-05
721,2.2844316845294088e-05
722,4.2492873035371304e-05
723,2.891327858378645e-05
724,3.194950841134414e-05
725,2.205912460340187e-05
726,3.069720696657896e-05
727,2.9239194191177376e-05
728,3.3347849239362404e-05
729,3.3106560294982046e-05
730,2.1104826373630203e-05
731,1.7912212570081465e-05
732,3.089273741352372e-05
733,1.6547392078791745e-05
734,2.5163652026094496e-05
735,6.637335900450125e-05
736,4.584303678711876e-05
737,3.0766586860409006e-05
738,5.2258903451729566e-05
739,6.219556962605566e-05
740,3.7773686926811934e-05
741,5.877485455130227e-05
742,6.91123932483606e-05
743,3.724809721461497e-05
744,6.423283775802702e-05
745,3.412156002013944e-05
746,8.209818042814732e-05
747,1.8560411263024434e-05
748,0.0001301025040447712
749,4.377597360871732e-05
750,4.555712075671181e-05
751,3.098157321801409e-05
752,4.213937427266501e-05
753,3.48432658938691e-05
754,3.707434734678827e-05
755,4.219530092086643e-05
756,1.9988212443422526e-05
757,3.413503509364091e-05
758,5.255588621366769e-05
759,3.549181928974576e-05
760,4.38894858234562e-05
761,2.053179923677817e-05
762,7.459537300746888e-05
763,1.801995313144289e-05
764,6.509346712846309e-05
765,1.7942857084563002e-05
766,6.308034062385559e-05
767,2.812736238411162e-05
768,7.589712186018005e-05
769,2.306425267306622e-05
770,8.466211875202134e-05
771,4.979926598025486e-05
772,2.698874413908925e-05
773,2.1947156710666604e-05
774,3.0152994440868497e-05
775,4.633514254237525e-05
776,3.5024455428356305e-05
777,3.1352759833680466e-05
778,2.0157958715572022e-05
779,5.023401172365993e-05
780,2.3126227461034432e-05
781,6.201092037372291e-05
782,2.591337397461757e-05
783,3.2545271096751094e-05
784,3.389548510313034e-05
785,3.830304558505304e-05
786,3.7850964872632176e-05
787,1.96468554349849e-05
788,3.6992460081819445e-05
789,4.3393658415880054e-05
790,1.6547874110983685e-05
791,1.6942311049206182e-05
792,6.890874647069722e-05
793,2.5973195079131983e-05
794,4.990456727682613e-05
795,1.7735677829477936e-05
796,6.764004501746967e-05
797,2.5347855626023374e-05
798,5.3712778026238084e-05
799,1.1571522918529809e-05
800,1.885049459815491e-05
801,3.625742101576179e-05
802,4.533142418949865e-05
803,3.593009751057252e-05
804,2.3665046683163382e-05
805,3.337405723868869e-05
806,1.848640931711998e-05
807,3.474788900348358e-05
808,2.5780942451092415e-05
809,4.5150096411816776e-05
810,1.4328210454550572e-05
811,5.849055742146447e-05
812,1.84325563168386e-05
813,2.268222306156531e-05
814,3.370193371665664e-05
815,2.3054435587255284e-05
816,3.7016827263869345e-05
817,3.827311229542829e-05
818,2.2301544959191233e-05
819,2.8642503821174614e-05
820,3.7164983950788155e-05
821,1.7954425857169554e-05
822,2.480891089362558e-05
823,2.0209668946336024e-05
824,3.5006516554858536e-05
825,4.125049599679187e-05
826,2.0854171452810988e-05
827,4.253154111211188e-05
828,2.0434103134903125e-05
829,5.855158087797463e-05
830,1.9861170585500076e-05
831,5.149867865839042e-05
832,1.9625656932475977e-05
833,3.740424654097296e-05
834,1.7849688447313383e-05
835,2.309438059455715e-05
836,6.395247328327969e-05
837,2.1298761566868052e-05
838,3.096083673881367e-05
839,2.28982898988761e-05
840,4.572344550979324e-05
841,1.5697401977377012e-05
842,4.2978910641977564e-05
843,2.780943577818107e-05
844,5.0567898142617196e-05
845,3.412905789446086e-05
846,4.193436325294897e-05
847,1.4484658095170744e-05
848,3.800107151619159e-05
849,1.7075248251785524e-05
850,2.7754216716857627e-05
851,2.32060319831362e-05
852,2.5367868147441186e-05
853,2.2386435375665314e-05
854,1.8569382518762723e-05
855,3.744465357158333e-05
856,2.079164914903231e-05
857,2.5358878701808862e-05
858,1.4311057384475134e-05
859,2.8765165552613325e-05
860,1.1988201549684163e-05
861,1.9924591470044106e-05
862,2.534487248340156e-05
863,1.6395655620726757e-05
864,1.9602925021899864e-05
865,1.966125455510337e-05
866,2.2144000467960723e-05
867,2.6430996513227e-05
868,1.768883885233663e-05
869,2.51817618845962e-05
870,2.4616312657599337e-05
871,1.8834924048860557e-05
872,2.670754474820569e-05
873,1.175181932921987e-05
874,3.1527801183983684e-05
875,2.7546635465114377e-05
876,2.7461848731036298e-05
877,1.7961085177375935e-05
878,1.2778925338352565e-05
879,3.940986789530143e-05
880,2.976761243189685e-05
881,1.089405850507319e-05
882,2.134156420652289e-05
883,2.904049506469164e-05
884,2.0999947082600556e-05
885,1.67944763234118e-05
886,4.1259747376898304e-05
887,1.7593498341739178e-05
888,4.711195288109593e-05
889,1.4608672245230991e-05
890,7.94711522758007e-05
891,2.036324076470919e-05
892,3.4732645872281864e-05
893,3.808339170063846e-05
894,3.1066778319654986e-05
895,3.375350934220478e-05
896,2.0916857465635985e-05
897,3.5550510801840574e-05
898,2.204855263698846e-05
899,2.054767719528172e-05
900,2.4014434529817663e-05
901,1.4312354323919863e-05
902,0.00011414172331569716
903,0.00013428900274448097
904,0.00014617000124417245
905,0.00012456704280339181
906,7.537151395808905e-05
907,0.0001132399556809105
908,8.447813161183149e-05
909,6.273570033954456e-05
910,6.997993477853015e-05
911,5.889906969969161e-05
912,4.292156518204138e-05
913,5.5960055760806426e-05
914,4.237350367475301e-05
915,3.6633340641856194e-05
916,4.792787512997165e-05
917,3.52022543665953e-05
918,5.700423935195431e-05
919,3.080514943576418e-05
920,2.3745869839331135e-05
921,3.304773417767137e-05
922,4.382906627142802e-05
923,2.3566040908917785e-05
924,3.212730007362552e-05
925,3.6343943065730855e-05
926,2.7156478608958423e-05
927,3.3550382795510814e-05
928,2.3694759875070304e-05
929,4.232054925523698e-05
930,2.79669402516447e-05
931,2.8708906029351056e-05
932,4.331177842686884e-05
933,2.8816008125431836e-05
934,3.7163459637667984e-05
935,2.9274060580064543e-05
936,2.108735679939855e-05
937,2.5059418476303108e-05
938,3.907373684342019e-05
939,3.270768138463609e-05
940,4.412998532643542e-05
941,1.3204979040892795e-05
942,3.3672844438115135e-05
943,4.0158953197533265e-05
944,3.638882844825275e-05
945,5.085941666038707e-05
946,2.705209408304654e-05
947,2.6247829737258144e-05
948,3.2815900340210646e-05
949,4.0768303733784705e-05
950,7.473005098290741e-05
951,7.061861833790317e-05
952,2.3534321371698752e-05
953,5.9398684243205935e-05
954,2.839653279806953e-05
955,6.398853292921558e-05
956,6.005183968227357e-05
957,2.2327245460473932e-05
958,6.034934995113872e-05
959,2.187676182074938e-05
960,2.1202768039074726e-05
961,4.390552930999547e-05
962,2.0818117263843305e-05
963,4.0022277971729636e-05
964,1.5504405382671393e-05
965,2.7057783881900832e-05
966,4.148981679463759e-05
967,1.628213249205146e-05
968,5.926712037762627e-05
969,2.4381792172789574e-05
970,3.878511779475957e-05
971,3.4623251849552616e-05
972,2.8310798370512202e-05
973,7.098286732798442e-05
974,1.8462835214450024e-05
975,4.565987910609692e-05
976,2.2376447304850444e-05
977,2.482744457665831e-05
978,1.8583194105303846e-05
979,2.453676461300347e-05
980,2.0560966731864028e-05
981,2.4472879886161536e-05
982,1.157397582574049e-05
983,5.1343893574085087e-05
984,2.1481109797605313e-05
985,3.19212740578223e-05
986,4.566148345475085e-05
987,3.1551055144518614e-05
988,4.4056021579308435e-05
989,9.738031621964183e-06
990,2.2189515220816247e-05
991,2.0611105355783366e-05
992,1.3924341146775987e-05
993,1.6869211322045885e-05
994,2.5546569304424338e-05
995,1.8192346033174545e-05
996,3.7166286347201094e-05
997,1.1934313988604117e-05
998,2.0642341041821055e-05
999,1.7510901670902967e-05
1000,1.8430127965984866e-05
1001,1.6806487110443413e-05
1002,2.5997434931923635e-05
1003,1.243619954038877e-05
1004,1.530835470475722e-05
1005,2.8762809961335734e-05
1006,1.4230986380425747e-05
1007,2.5816661946009845e-05
1008,2.7974077966064215e-05
1009,3.2805433875182644e-05
1010,2.975927054649219e-05
1011,1.8954509869217873e-05
1012,2.279661021020729e-05
1013,1.6522049918421544e-05
1014,1.7308080714428797e-05
1015,2.2691629055771045e-05
1016,1.7646652850089595e-05
1017,1.8979335436597466e-05
1018,3.213146555935964e-05
1019,1.646325472393073e-05
1020,2.848534131771885e-05
1021,2.853624027920887e-05
1022,1.4744095096830279e-05
1023,4.8328172852052376e-05
1024,2.477766429365147e-05
1025,2.6165018425672315e-05
1026,5.686545046046376e-05
1027,2.229567508038599e-05
1028,3.732907498488203e-05
1029,3.017632661794778e-05
1030,2.028719973168336e-05
1031,1.4822730918240268e-05
1032,2.7634549041977152e-05
1033,1.560272357892245e-05
1034,1.7578578990651295e-05
1035,2.1907815607846715e-05
1036,1.378467095491942e-05
1037,1.7916543583851308e-05
1038,2.081566708511673e-05
1039,2.387968561379239e-05
1040,2.436410250084009e-05
1041,1.5082490790518932e-05
1042,3.522068072925322e-05
1043,2.208840669482015e-05
1044,2.120301542163361e-05
1045,1.084174891730072e-05
1046,1.4855784684186801e-05
1047,1.3401596334006172e-05
1048,1.141980646934826e-05
1049,1.575529131514486e-05
1050,1.2739855264953803e-05
1051,1.6948253687587567e-05
1052,2.2216672732611187e-05
1053,1.9692048226715997e-05
1054,1.898740083561279e-05
1055,1.4386424481926952e-05
1056,1.5334442650782876e-05
1057,1.2889094250567723e-05
1058,1.4910448953742161e-05
1059,2.2469903342425823e-05
1060,1.3542205124394968e-05
1061,1.4714755707245786e-05
1062,2.2819411242380738e-05
1063,2.4887625841074623e-05
1064,1.1807374903582968e-05
1065,1.760400482453406e-05
1066,1.6162028259714134e-05
1067,1.9560624423320405e-05
1068,1.8736931451712735e-05
1069,3.0111852538539097e-05
1070,2.1787649529869668e-05
1071,1.6282556316582486e-05
1072,1.3745686374022625e-05
1073,1.0803292752825655e-05
1074,1.0969778486469295e-05
1075,1.4814243513683323e-05
1076,1.196193989017047e-05
1077,1.3900194062443916e-05
1078,2.08250912692165e-05
1079,1.846808117988985e-05
1080,1.5491406884393655e-05
1081,1.683571099420078e-05
1082,2.72067918558605e-05
1083,1.5795842045918107e-05
1084,1.3630025932798162e-05
1085,2.3478431103285402e-05
1086,3.357001332915388e-05
1087,2.0616851543309167e-05
1088,3.6347195418784395e-05
1089,2.9784247089992277e-05
1090,2.1330990421120077e-05
1091,3.2229978387476876e-05
1092,3.4880577004514635e-05
1093,1.7289559764321893e-05
1094,2.071205926768016e-05
1095,3.505298445816152e-05
1096,1.614690881979186e-05
1097,4.043479202664457e-05
1098,1.6876727386261337e-05
1099,2.6433646780787967e-05
1100,1.2415872333804145e-05
1101,1.1909481145266909e-05
1102,1.85541866812855e-05
1103,1.695258470135741e-05
1104,1.6124169633258134e-05
1105,1.3204310562286992e-05
1106,9.701813723950181e-06
1107,1.2728304682241287e-05
1108,2.132622648787219e-05
1109,1.758170037646778e-05
1110,3.0471153877442703e-05
1111,1.4702935004606843e-05
1112,1.5786308722454123e-05
1113,1.505418276792625e-05
1114,2.1604208086500876e-05
1115,1.555327617097646e-05
1116,1.4083871064940467e-05
1117,9.677349225967191e-06
1118,1.822509875637479e-05
1119,1.4031184946361464e-05
1120,1.523735136288451e-05
1121,1.799143137759529e-05
1122,1.7912274415721186e-05
1123,1.270495522476267e-05
1124,1.8259615899296477e-05
1125,1.943367169587873e-05
1126,1.6806421626824886e-05
1127,1.518154840596253e-05
1128,1.99010937649291e-05
1129,1.4094895050220657e-05
1130,3.82175094273407e-05
1131,1.4062263289815746e-05
1132,1.609274659131188e-05
1133,2.360723192396108e-05
1134,1.569504092913121e-05
1135,2.096920979965944e-05
1136,2.7465417588246055e-05
1137,1.7510721590952016e-05
1138,1.689254531811457e-05
1139,1.2823831639252603e-05
1140,2.4390385078731924e-05
1141,2.4033655790844932e-05
1142,1.412070014339406e-05
1143,1.7753063730197027e-05
1144,3.271569948992692e-05
1145,1.0458933502377477e-05
1146,1.2875800166511908e-05
1147,3.081326940446161e-05
1148,1.0731318980106153e-05
1149,1.8564685888122767e-05
1150,1.685025381448213e-05
1151,1.3965676771476865e-05
1152,1.287865870835958e-05
1153,1.0972318705171347e-05
1154,2.3150643755798228e-05
1155,1.8205319065600634e-05
1156,1.856542621681001e-05
1157,1.2892148333776277e-05
1158,9.977356057788711e-06
1159,1.3268280781630892e-05
1160,1.5950896340655163e-05
1161,1.3469092664308846e-05
1162,1.5275663827196695e-05
1163,2.4432296413579024e-05
1164,9.370443876832724e-06
1165,1.8294265828444622e-05
1166,2.6959200113196857e-05
1167,1.3872071576770395e-05
1168,2.5446335712331347e-05
1169,2.6975818400387652e-05
1170,2.4512219169992022e-05
1171,1.0731308066169731e-05
1172,1.851300839916803e-05
1173,1.9110466382699087e-05
1174,1.607384365343023e-05
1175,1.7557751561980695e-05
1176,1.8452945369062945e-05
1177,1.5819550753803924e-05
1178,1.965620140254032e-05
1179,1.7387063053320162e-05
1180,9.508353286946658e-06
1181,1.680484456301201e-05
1182,1.3139094335201662e-05
1183,1.7132759239757434e-05
1184,9.155301995633636e-06
1185,1.2384062756609637e-05
1186,1.0391914656793233e-05
1187,9.627941835788079e-06
1188,1.5282959793694317e-05
1189,1.7685690181679092e-05
1190,1.2345739378361031e-05
1191,1.906216493807733e-05
1192,1.5226992218231317e-05
1193,1.6449745089630596e-05
1194,1.6341879018000327e-05
1195,1.286078622797504e-05
1196,1.108774813474156e-05
1197,1.958676875801757e-05
1198,2.4386752556893043e-05
1199,1.5277284546755254e-05
1200,1.6205300198635086e-05
1201,2.141249569831416e-05
1202,1.528716711618472e-05
1203,1.3867474990547635e-05
1204,1.7940164980245754e-05
1205,1.338490255875513e-05
1206,2.0149414922343567e-05
1207,1.1192284546268638e-05
1208,2.367259185120929e-05
1209,1.5818757674423978e-05
1210,1.3200116882217117e-05
1211,1.632545536267571e-05
1212,1.4608564924856182e-05
1213,1.9936265744036064e-05
1214,1.5647221516701393e-05
1215,1.3645418221130967e-05
1216,1.0554515029070899e-05
1217,8.274366336991079e-06
1218,1.731118572934065e-05
1219,1.2285296179470606e-05
1220,2.3747834347886965e-05
1221,1.842069650592748e-05
1222,1.7825906979851425e-05
1223,1.2756391697621439e-05
1224,1.683915252215229e-05
1225,2.0333691281848587e-05
1226,9.486183444096241e-06
1227,1.3191864127293229e-05
1228,9.471397788729519e-06
1229,9.775058970262762e-06
1230,1.2314894775045104e-05
1231,2.3160508135333657e-05
1232,1.3387411854637321e-05
1233,1.049189449986443e-05
1234,1.3010179827688262e-05
1235,1.4123841538093984e-05
1236,1.4926817129889969e-05
1237,1.8271824956173077e-05
1238,1.2952680663147476e-05
1239,9.464465620112605e-06
1240,2.384226900176145e-05
1241,1.7424383258912712e-05
1242,1.3926944120612461e-05
1243,1.2175065421615727e-05
1244,1.777157376636751e-05
1245,1.1769874618039466e-05
1246,1.7094931536121294e-05
1247,8.793719644017983e-06
1248,1.4618066416005604e-05
1249,1.3305139873409644e-05
1250,1.591431282577105e-05
1251,1.7423957615392283e-05
1252,9.458826752961613e-06
1253,1.6839663658174686e-05
1254,3.1767620384925976e-05
1255,1.1507582712511066e-05
1256,1.5966526916599832e-05
1257,1.9783041352638975e-05
1258,1.213613086292753e-05
1259,1.1749385521397926e-05
1260,1.4838137758488301e-05
1261,1.2778157724824268e-05
1262,1.577532930241432e-05
1263,1.0458069482410792e-05
1264,1.9988059648312628e-05
1265,2.0798524928977713e-05
1266,8.708718269190285e-06
1267,1.1448592886154074e-05
1268,1.0812754226208199e-05
1269,1.5252000594045967e-05
1270,1.9770273866015486e-05
1271,1.2123319720558356e-05
1272,2.1038425984443165e-05
1273,1.5814979633432813e-05
1274,2.0992876670788974e-05
1275,1.0425895197840873e-05
1276,1.5492565580643713e-05
1277,2.4619501346023753e-05
1278,2.0296733055147342e-05
1279,1.717931627354119e-05
1280,2.224378113169223e-05
1281,1.4568628103006631e-05
1282,1.7219332221429795e-05
1283,2.2473439457826316e-05
1284,1.2528696061053779e-05
1285,1.1494107639009599e-05
1286,1.1390999134164304e-05
1287,1.2236475413374137e-05
1288,1.7015254343277775e-05
1289,9.202673027175479e-06
1290,1.905505996546708e-05
1291,1.3723106349061709e-05
1292,1.1520253792696167e-05
1293,1.2505881386459805e-05
1294,1.0404273780295625e-05
1295,1.5974344933056273e-05
1296,1.9584645997383632e-05
1297,2.1899582861806266e-05
1298,1.0424809261166956e-05
1299,1.501935093983775e-05
1300,1.038580830936553e-05
1301,2.2035186702851206e-05
1302,1.130357850342989e-05
1303,1.3584026419266593e-05
1304,1.4194402865541633e-05
1305,1.798968150978908e-05
1306,9.908124411595054e-06
1307,1.2190021152491681e-05
1308,1.2797925592167303e-05
1309,1.704976602923125e-05
1310,2.925919216067996e-05
1311,1.4551516869687475e-05
1312,1.0401347935840022e-05
1313,1.0775730515888426e-05
1314,1.908557715069037e-05
1315,1.7269363524974324e-05
1316,2.280617627548054e-05
1317,1.5859850464039482e-05
1318,1.117162264563376e-05
1319,1.3171624232199974e-05
1320,9.11330062081106e-06
1321,1.1248839655308984e-05
1322,1.4442777683143504e-05
1323,2.609863440738991e-05
1324,7.53128006181214e-06
1325,1.4368824849952944e-05
1326,1.0469249900779687e-05
1327,2.7221181881031953e-05
1328,1.0220439435215667e-05
1329,1.2089153642591555e-05
1330,1.3851074072590563e-05
1331,1.4087779163673986e-05
1332,1.3568509530159645e-05
1333,1.5552175682387315e-05
1334,1.787482869985979e-05
1335,1.1180384717590641e-05
1336,1.9794100808212534e-05
1337,2.2840360543341376e-05
1338,1.8547238141763955e-05
1339,1.3273956028569955e-05
1340,1.3517143997887615e-05
1341,1.7940910765901208e-05
1342,1.2714992408291437e-05
1343,9.175630111712962e-06
1344,1.478030753787607e-05
1345,1.863572106231004e-05
1346,1.2517616596596781e-05
1347,9.951995707524475e-06
1348,1.5967552826623432e-05
1349,1.2181760212115478e-05
1350,1.4891603314026725e-05
1351,1.0346630915591959e-05
1352,1.0864511750696693e-05
1353,1.5790366887813434e-05
1354,1.1905010978807695e-05
1355,1.0833167834789492e-05
1356,1.1298327990516555e-05
1357,9.54384267970454e-06
1358,1.2125228749937378e-05
1359,1.1852916031784844e-05
1360,2.054868127743248e-05
1361,1.6220874385908246e-05
1362,1.586269172548782e-05
1363,1.8319364244234748e-05
1364,2.1693165763281286e-05
1365,1.582892036822159e-05
1366,1.4654110600531567e-05
1367,9.917251190927345e-06
1368,2.0515935830189846e-05
1369,1.496829827374313e-05
1370,1.299156792811118e-05
1371,2.9148390240152366e-05
1372,1.4617441593145486e-05
1373,1.6172512914636172e-05
1374,1.836592855397612e-05
1375,1.5766527212690562e-05
1376,1.395549134031171e-05
1377,1.660100679146126e-05
1378,1.2860756214649882e-05
1379,1.1599674508033786e-05
1380,1.2430675269570202e-05
1381,1.5984242054400966e-05
1382,1.1529862604220398e-05
1383,2.0875231712125242e-05
1384,8.365232133655809e-06
1385,9.811563359107822e-06
1386,1.3578706784755923e-05
1387,1.3390466847340576e-05
1388,2.6132576749660075e-05
1389,2.0397419575601816e-05
1390,1.4261852811614517e-05
1391,1.310421521338867e-05
1392,1.3199752174841706e-05
1393,1.5034050193207804e-05
1394,1.5543027984676883e-05
1395,8.39822860143613e-06
1396,1.4583079064323101e-05
1397,9.900517397909425e-06
1398,1.3683728866453748e-05
1399,1.385526320518693e-05
1400,1.1577916666283272e-05
1401,1.729944415274076e-05
1402,1.0342310815758538e-05
1403,8.645354682812467e-06
1404,8.366548172489274e-06
1405,1.0452049536979757e-05
1406,1.4034212654223666e-05
1407,1.2152403542131651e-05
1408,2.0097202650504187e-05
1409,1.2544869605335407e-05
1410,1.049369529937394e-05
1411,1.493992476753192e-05
1412,1.2370537660899572e-05
1413,1.6390895325457677e-05
1414,1.3034502444497775e-05
1415,2.6611751309246756e-05
1416,1.4492980881186668e-05
1417,1.4771670976188034e-05
1418,1.5542333130724728e-05
1419,1.683832124399487e-05
1420,9.404852789884899e-06
1421,2.11243695957819e-05
1422,1.262921159650432e-05
1423,1.601982512511313e-05
1424,1.868293111328967e-05
1425,1.0138734069187194e-05
1426,1.1947234270337503e-05
1427,1.3930042769061401e-05
1428,1.2058953871019185e-05
1429,1.2481611520342994e-05
1430,1.7339469195576385e-05
1431,2.3589858756167814e-05
1432,1.2862305993621703e-05
1433,1.229109966516262e-05
1434,1.813534981920384e-05
1435,1.3382234101300128e-05
1436,2.2070704289944842e-05
1437,1.4929641110938974e-05
1438,1.4020627531863283e-05
1439,1.791481554391794e-05
1440,1.1765112503780983e-05
1441,1.2837597751058638e-05
1442,1.7363883671350777e-05
1443,1.4486720829154365e-05
1444,9.863775630947202e-06
1445,1.3277729522087611e-05
1446,1.2904930372314993e-05
1447,1.4492162335955072e-05
1448,1.2165653970441781e-05
1449,1.190813782159239e-05
1450,1.7499409295851365e-05
1451,1.5543910194537602e-05
1452,1.0344185284338892e-05
1453,9.179452717944514e-06
1454,1.4664984519185964e-05
1455,1.1818801795016043e-05
1456,1.4014309272170067e-05
1457,1.452375636290526e-05
1458,1.2138915735704359e-05
1459,1.5144287317525595e-05
1460,1.6354000763385557e-05
1461,1.3361522178456653e-05
1462,1.4436795936489943e-05
1463,1.0524719982640818e-05
1464,1.6073076039901935e-05
1465,1.1917034498765133e-05
1466,1.4957220628275536e-05
1467,1.4581468349206261e-05
1468,1.2478883036237676e-05
1469,1.49656661960762e-05
1470,1.6043506548157893e-05
1471,1.821905971155502e-05
1472,1.5247257579176221e-05
1473,1.8785325664794073e-05
1474,1.2507796782301739e-05
1475,1.9370283553143963e-05
1476,1.036526828102069e-05
1477,1.573687040945515e-05
1478,1.0825674507941585e-05
1479,9.315805073129013e-06
1480,1.0954800018225797e-05
1481,1.4683392691949848e-05
1482,2.017923179664649e-05
1483,1.0298426786903292e-05
1484,1.642102506593801e-05
1485,9.929291081789415e-06
1486,1.295063611905789e-05
1487,1.4657964129582979e-05
1488,1.3791808669338934e-05
1489,1.1224267836951185e-05
1490,1.2073783182131592e-05
1491,1.1746833479264751e-05
1492,1.3726926226809155e-05
1493,1.206585602631094e-05
1494,1.9825269191642292e-05
1495,1.6126212358358316e-05
1496,1.2601673006429337e-05
1497,1.2079675798304379e-05
1498,1.817654811020475e-05
1499,1.935348700499162e-05
1500,9.353650057164486e-06
1501,9.647910701460205e-06
1502,4.10986140195746e-05
1503,0.00012899329885840416
1504,0.00022239248210098594
1505,0.0002140124561265111
1506,0.0001250099448952824
1507,5.587776468019001e-05
1508,2.4460188797092997e-05
1509,2.459257848386187e-05
1510,2.702485835470725e-05
1511,1.23297177196946e-05
1512,2.4669314370839857e-05
1513,7.613602792844176e-05
1514,0.00011468787852209061
1515,8.194980182452127e-05
1516,2.183899050578475e-05
1517,2.8326250685495324e-05
1518,2.747504368016962e-05
1519,5.553049049922265e-05
1520,0.00013161143579054624
1521,0.0001735294790705666
1522,0.00014361455396283418
1523,5.678424713551067e-05
1524,1.3018408026255202e-05
1525,8.518898539477959e-05
1526,0.0002702249039430171
1527,0.00041310544474981725
1528,0.0002128668420482427
1529,1.7354177543893456e-05
1530,8.86804991750978e-05
1531,0.00012163336214143783
1532,3.068582009291276e-05
1533,5.823878018418327e-05
1534,0.0002788689744193107
1535,0.0003238165518268943
1536,7.273857045220211e-05
1537,9.304267587140203e-05
1538,0.00038949851295910776
1539,0.00021358799131121486
1540,2.950435009552166e-05
1541,0.00034272103221155703
1542,0.0003041604068130255
1543,2.292540557391476e-05
1544,0.00014092009223531932
1545,0.0002226510114269331
1546,3.273061156505719e-05
1547,7.214306242531165e-05
1548,8.092443749774247e-05
1549,1.7216496416949667e-05
1550,0.00017754246073309332
1551,0.0001681743742665276
1552,1.6135518308146857e-05
1553,8.579275163356215e-05
1554,8.869116572896019e-05
1555,1.8915108739747666e-05
1556,3.1261781259672716e-05
1557,7.027417450444773e-05
1558,1.553682523081079e-05
1559,9.673233580542728e-05
1560,0.00013164538540877402
1561,1.5558220184175298e-05
1562,9.895192488329485e-05
1563,7.372483378276229e-05
1564,2.2040567273506895e-05
1565,8.434343180852011e-05
1566,2.8994209060329013e-05
1567,4.489829370868392e-05
1568,8.966305904323235e-05
1569,1.755728771968279e-05
1570,0.00015055086987558752
1571,0.00011354822345310822
1572,2.975642382807564e-05
1573,5.747545583290048e-05
1574,9.327567568107042e-06
1575,4.223096038913354e-05
1576,5.699169196304865e-05
1577,1.586479993420653e-05
1578,2.342667903576512e-05
1579,5.7192508393200114e-05
1580,2.4690023565199226e-05
1581,2.4030285203480162e-05
1582,7.175850623752922e-05
1583,3.408727570786141e-05
1584,2.3111735572456382e-05
1585,7.958716014400125e-05
1586,2.393382601439953e-05
1587,2.942320134025067e-05
1588,5.2239240176277235e-05
1589,1.1781045941461343e-05
1590,4.664145671995357e-05
1591,6.188798579387367e-05
1592,2.0605461031664163e-05
1593,2.1984747945680283e-05
1594,1.647415047045797e-05
1595,1.1414163054723758e-05
1596,3.156593447783962e-05
1597,3.791594281210564e-05
1598,1.607759804755915e-05
1599,0.00010037685569841415
1600,5.851054083905183e-05
1601,9.068202416528948e-06
1602,4.891018397756852e-05
1603,3.439113061176613e-05
1604,8.239014277933165e-06
1605,4.8388377763330936e-05
1606,3.665615804493427e-05
1607,2.0991317796870135e-05
1608,4.522184462985024e-05
1609,1.312184667767724e-05
1610,3.182628643116914e-05
1611,5.8686197007773444e-05
1612,1.4849582839815412e-05
1613,4.94965206598863e-05
1614,6.091359682613984e-05
1615,1.0550096703809686e-05
1616,5.833666364196688e-05
1617,4.0166221879189834e-05
1618,2.2770454961573705e-05
1619,8.931144111556932e-05
1620,3.965382347814739e-05
1621,2.5062581698875874e-05
1622,8.166285988409072e-05
1623,1.5939682270982303e-05
1624,4.6067696530371904e-05
1625,7.415306026814505e-05
1626,1.648038778512273e-05
1627,7.650034967809916e-05
1628,4.419103788677603e-05
1629,2.4259850761154667e-05
1630,0.00010691487113945186
1631,4.333539254730567e-05
1632,3.344520882819779e-05
1633,0.00010018472676165402
1634,2.941138700407464e-05
1635,1.9574150428525172e-05
1636,4.6317836677189916e-05
1637,1.143970530392835e-05
1638,3.7562833313131705e-05
1639,2.7308726203045808e-05
1640,2.480213515809737e-05
1641,0.00012688802962657064
1642,7.394138083327562e-05
1643,1.4573046428267844e-05
1644,7.18356532161124e-05
1645,2.721606142586097e-05
1646,1.6543950550840236e-05
1647,2.092515569529496e-05
1648,1.5290705050574616e-05
1649,4.244469528202899e-05
1650,2.1806756194564514e-05
1651,2.159465839213226e-05
1652,3.679027213365771e-05
1653,1.0485245184099767e-05
1654,3.828536137007177e-05
1655,1.1408792488509789e-05
1656,5.45295697520487e-05
1657,5.800740109407343e-05
1658,1.1695330613292754e-05
1659,5.815083932247944e-05
1660,6.40849339106353e-06
1661,5.616958878817968e-05
1662,4.681761492975056e-05
1663,1.1659461051749531e-05
1664,2.9174660085118376e-05
1665,6.3655702433607075e-06
1666,5.095492088003084e-05
1667,3.987934906035662e-05
1668,7.732441190455575e-06
1669,1.5479465218959376e-05
1670,1.4103262401476968e-05
1671,2.576668339315802e-05
1672,2.3502680051024072e-05
1673,7.900510354375001e-06
1674,1.7088761524064466e-05
1675,1.880423769762274e-05
1676,9.846585271588992e-06
1677,8.708480891073123e-06
1678,1.5838759281905368e-05
1679,1.5304392945836298e-05
1680,9.87728617474204e-06
1681,2.8262034902581945e-05
1682,1.583986886544153e-05
1683,1.11091094368021e-05
1684,8.008443728613202e-06
1685,1.6915837477426976e-05
1686,2.5498016839264892e-05
1687,8.786117177805863e-06
1688,1.1542422726051882e-05
1689,2.236024920421187e-05
1690,1.4607428056478966e-05
1691,2.258098902530037e-05
1692,3.3450072805862874e-05
1693,1.5248138879542239e-05
1694,7.305075087060686e-06
1695,1.5887990230112337e-05
1696,1.5837584214750677e-05
1697,7.5286829996912275e-06
1698,2.432109249639325e-05
1699,1.2936926395923365e-05
1700,1.8778189769363962e-05
1701,3.771754199988209e-05
1702,9.079481060325634e-06
1703,7.662243297090754e-05
1704,5.1058927056146786e-05
1705,1.5863739463384263e-05
1706,5.016685827285983e-05
1707,5.735884315072326e-06
1708,5.052820415585302e-05
1709,3.636446126620285e-05
1710,2.284981746925041e-05
1711,0.00011854269541800022
1712,3.9514601667178795e-05
1713,2.400253652012907e-05
1714,7.551672752015293e-05
1715,1.8229866327601485e-05
1716,2.1367452063714154e-05
1717,3.848618143820204e-05
1718,1.58575512614334e-05
1719,7.538289355579764e-05
1720,3.1011953979032114e-05
1721,2.4515400582458824e-05
1722,5.597155904979445e-05
1723,1.0948099770757835e-05
1724,3.201698200427927e-05
1725,5.068113387096673e-05
1726,5.9596154642349575e-06
1727,6.662147643510252e-05
1728,6.012667290633544e-05
1729,8.732884452911094e-06
1730,4.533547325991094e-05
1731,2.243217568320688e-05
1732,8.943238754000049e-06
1733,1.6092273654066958e-05
1734,1.1261069630563725e-05
1735,8.596512998337857e-06
1736,2.3153228539740667e-05
1737,1.574032830831129e-05
1738,7.515579909522785e-06
1739,1.0834528438863344e-05
1740,1.1639785043371376e-05
1741,2.9476012059603818e-05
1742,1.2563432392198592e-05
1743,1.6253274225164205e-05
1744,3.653303792816587e-05
1745,1.3669083273271099e-05
1746,1.6173838957911357e-05
1747,3.324681892991066e-05
1748,7.4317463258921634e-06
1749,2.663413033587858e-05
1750,2.6369552870164625e-05
1751,5.167746621737024e-06
1752,2.2430629542213865e-05
1753,2.4526239940314554e-05
1754,1.6788886568974704e-05
1755,7.169091077230405e-06
1756,6.097935511206742e-06
1757,1.1810590876848437e-05
1758,4.109129349672003e-06
1759,6.387273515429115e-06
1760,3.440250338826445e-06
1761,1.1359572454239242e-05
1762,1.2327861441008281e-05
1763,6.1042073866701685e-06
1764,7.869336513977032e-06
1765,1.722207889542915e-05
1766,8.657577382109594e-06
1767,9.950149433279876e-06
1768,2.2019072275725193e-05
1769,2.561302790127229e-05
1770,9.94570928014582e-06
1771,1.4555511370417662e-05
1772,3.830942659988068e-05
1773,3.2300617021974176e-05
1774,5.90448053117143e-06
1775,1.3824442248733249e-05
1776,7.960372386150993e-06
1777,1.3672339264303446e-05
1778,3.011374792549759e-05
1779,6.529770871566143e-06
1780,2.615188350318931e-05
1781,2.5288067263318226e-05
1782,1.2977131518709939e-05
1783,3.8069796573836356e-05
1784,5.01612021253095e-06
1785,5.844407496624626e-05
1786,3.914624176104553e-05
1787,8.379232895094901e-06
1788,5.384346513892524e-05
1789,3.489052323857322e-05
1790,6.9602961048076395e-06
1791,1.9342824089108035e-05
1792,1.01050336525077e-05
1793,9.980487448046915e-06
1794,1.1392646229069214e-05
1795,4.792542767972918e-06
1796,1.52557113324292e-05
1797,1.447969043510966e-05
1798,6.751107775926357e-06
1799,1.2472912203520536e-05
1800,8.99645147001138e-06
1801,6.560338078998029e-06
1802,6.512571872008266e-06
1803,8.85653844306944e-06
1804,2.6095529392478056e-05
1805,9.203088666254189e-06
1806,1.5211007848847657e-05
1807,1.1691111467371229e-05
1808,9.805433364817873e-06
1809,2.211761056969408e-05
1810,7.723634553258307e-06
1811,4.945486125507159e-06
1812,4.333028755354462e-06
1813,7.410932994389441e-06
1814,1.1982679097854998e-05
1815,7.671468665648717e-06
1816,5.8092359722650144e-06
1817,5.240279733698117e-06
1818,6.891077646287158e-06
1819,1.1966507372562774e-05
1820,1.0977379133692011e-05
1821,5.2870982472086325e-06
1822,3.4177632187493145e-05
1823,2.5433586415601894e-05
1824,6.951358955120668e-06
1825,1.8165701476391405e-05
1826,6.3074853642319795e-06
1827,4.576620631269179e-05
1828,2.0550345652736723e-05
1829,2.9516890208469704e-05
1830,6.359660619636998e-05
1831,5.9533631429076195e-06
1832,6.392382783815265e-05
1833,5.6354067055508494e-05
1834,8.895641258277465e-06
1835,4.2841198592213914e-05
1836,2.5786066544242203e-05
1837,4.6377131184272e-06
1838,1.3148304788046516e-05
1839,4.039573468617164e-06
1840,1.4609448044211604e-05
1841,1.4283350537880324e-05
1842,1.1926465958822519e-05
1843,2.3146823878050782e-05
1844,1.6167574358405545e-05
1845,1.2200473065604456e-05
1846,1.8000908312387764e-05
1847,3.3912242543010507e-06
1848,1.6596786736045033e-05
1849,6.918232884345343e-06
1850,8.897017323761247e-06
1851,7.407323209918104e-06
1852,7.516909136029426e-06
1853,5.536619028134737e-06
1854,4.883543624600861e-06
1855,7.010874469415285e-06
1856,8.747243555262685e-06
1857,5.269015218800632e-06
1858,5.057172074884875e-06
1859,4.164633992331801e-06
1860,1.1917543815798126e-05
1861,2.8422959985618945e-06
1862,1.0320573892386165e-05
1863,3.970944817410782e-06
1864,1.4408654351427685e-05
1865,2.5895309590850957e-05
1866,5.978714852972189e-06
1867,1.767969661159441e-05
1868,3.19533355650492e-05
1869,1.711182812869083e-05
1870,9.99106305243913e-06
1871,2.0459916413528845e-05
1872,7.661214112886228e-06
1873,7.520241524616722e-06
1874,5.105321633891435e-06
1875,7.669342267035972e-06
1876,8.419323421549052e-06
1877,7.455083959939657e-06
1878,1.060481463355245e-05
1879,9.886150110105518e-06
1880,4.849483048019465e-06
1881,5.727738425775897e-06
1882,7.4228264566045254e-06
1883,1.042725853039883e-05
1884,1.32967043100507e-05
1885,3.079102680203505e-05
1886,7.236108103825245e-06
1887,1.7835216567618772e-05
1888,3.3607448131078854e-05
1889,6.7039859459328e-06
1890,3.7551752029685304e-05
1891,4.756567068397999e-05
1892,5.806771696370561e-06
1893,6.52996968710795e-05
1894,1.9671584595926106e-05
1895,3.683362592710182e-05
1896,9.103134652832523e-05
1897,1.154502297140425e-05
1898,6.709462468279526e-05
1899,6.395374657586217e-05
1900,7.644021025043912e-06
1901,6.030941949575208e-05
1902,1.4491119145532139e-05
1903,4.1893501474987715e-05
1904,6.859450513729826e-05
1905,3.47820400747878e-06
1906,5.901244730921462e-05
1907,2.4481603759340942e-05
1908,2.0783052605111152e-05
1909,2.1840589397470467e-05
1910,1.6539483112865128e-05
1911,5.388197678257711e-05
1912,1.0347093848395161e-05
1913,2.419538941467181e-05
1914,3.3563788747414947e-05
1915,5.2126156333542895e-06
1916,2.7333926482242532e-05
1917,1.652022183407098e-05
1918,6.819537702540401e-06
1919,4.7732319217175245e-06
1920,3.0309956855489872e-05
1921,4.491770232561976e-05
1922,8.599754437454976e-06
1923,4.430489570950158e-05
1924,1.4243763871490955e-05
1925,2.9253702450660057e-05
1926,4.924780660076067e-05
1927,9.393967047799379e-06
1928,3.0405275538214482e-05
1929,1.5430598068633117e-05
1930,1.9043498468818143e-05
1931,1.8040458598989062e-05
1932,1.4705628927913494e-05
1933,4.373554838821292e-05
1934,9.026894076669123e-06
1935,3.434329846641049e-05
1936,7.275683401530841e-06
1937,2.2894804715178907e-05
1938,1.445333782612579e-05
1939,1.7019332517520525e-05
1940,1.7795044186641462e-05
1941,8.822827112453524e-06
1942,1.499474274169188e-05
1943,3.5707691949937725e-06
1944,1.0099550308950711e-05
1945,5.817528290208429e-06
1946,1.8368136807112023e-05
1947,7.992177415871993e-06
1948,1.0196871699008625e-05
1949,8.307324605993927e-06
1950,4.787968464370351e-06
1951,4.6919999476813246e-06
1952,4.794570486410521e-06
1953,8.292270649690181e-06
1954,7.199470928753726e-06
1955,1.7442380340071395e-05
1956,5.151762252353365e-06
1957,1.5339433957706206e-05
1958,1.5411658750963397e-05
1959,6.792844942538068e-06
1960,8.17282034404343e-06
1961,9.89260934147751e-06
1962,2.1279454813338816e-05
1963,5.7018087318283506e-06
1964,2.1898493287153542e-05
1965,8.822170457278844e-06
1966,1.1068887033616193e-05
1967,6.442267022066517e-06
1968,2.544867675169371e-05
1969,2.469928585924208e-05
1970,4.992512003809679e-06
1971,2.6905485356110148e-05
1972,1.4757802091480698e-05
1973,4.2318170017097145e-06
1974,6.6999741648032796e-06
1975,6.86581370246131e-06
1976,8.562981747672893e-06
1977,1.3886252418160439e-05
1978,6.132614089437993e-06
1979,2.32988313655369e-05
1980,2.4804650820442475e-05
1981,7.90554258855991e-06
1982,4.8404115659650415e-05
1983,3.408573684282601e-05
1984,6.819890586484689e-06
1985,2.4984381525428034e-05
1986,5.595482889475534e-06
1987,5.3671770729124546e-05
1988,1.9813825929304585e-05
1989,2.4739336367929354e-05
1990,3.17098201776389e-05
1991,4.643165539164329e-06
1992,2.9060684028081596e-05
1993,3.376310814928729e-06
1994,3.6313460441306233e-05
1995,1.3438179848890286e-05
1996,1.4517331692331936e-05
1997,1.3835984645993449e-05
1998,1.1945475307584275e-05
1999,2.4957505956990644e-05
2000,3.016436494363006e-06
2001,1.880427407741081e-05
2002,6.270661742746597e-06
2003,1.7102831407100894e-05
2004,2.174028668378014e-05
2005,1.2298895853746217e-05
2006,2.655483694979921e-05
2007,2.7262883577350294e-06
2008,3.874201138387434e-05
2009,1.694741331448313e-05
2010,1.267556581296958e-05
2011,2.8532069336506538e-05
2012,6.3485158534604125e-06
2013,7.158424705266953e-05
2014,2.391716952843126e-05
2015,2.887336268031504e-05
2016,4.402164995553903e-05
2017,1.3013588613830507e-05
2018,8.873835759004578e-05
2019,6.620854492211947e-06
2020,6.65960178594105e-05
2021,2.906559529947117e-05
2022,4.597734005074017e-05
2023,0.00010521666263230145
2024,8.829233593132813e-06
2025,4.02079094783403e-05
2026,7.1305544224742334e-06
2027,4.085636464878917e-05
2028,1.7404479876859114e-05
2029,2.2827198336017318e-05
2030,1.5491652447963133e-05
2031,2.050417970167473e-05
2032,2.911622686951887e-05
2033,8.78257560543716e-06
2034,2.586466507636942e-05
2035,1.0854151696548797e-05
2036,1.4115045814833138e-05
2037,1.4737690435140394e-05
2038,1.0023013601312414e-05
2039,1.937437082233373e-05
2040,5.306273578753462e-06
2041,1.4234197806217708e-05
2042,8.020838322408963e-06
2043,1.1072977031290065e-05
2044,3.179578561685048e-05
2045,6.624148227274418e-06
2046,2.1308705981937237e-05
2047,8.887293915904593e-06
2048,7.473683126590913e-06
2049,1.2678960047196597e-05
2050,4.628442638932029e-06
2051,1.1276951227046084e-05
2052,5.721165962313535e-06
2053,1.0799500159919262e-05
2054,4.206130142847542e-06
2055,9.333754860563204e-06
2056,1.5071037523739506e-05
2057,6.081049377826275e-06
2058,6.006456715113018e-06
2059,6.192914952407591e-06
2060,3.4308307022001827e-06
2061,9.053047506313305e-06
2062,4.453923338587629e-06
2063,7.618274594278773e-06
2064,7.293592261703452e-06
2065,1.2589951438712887e-05
2066,1.1263782653259113e-05
2067,7.12955761628109e-06
2068,7.1757140176487155e-06
2069,4.948381501890253e-06
2070,7.797119906172156e-06
2071,3.3206690659426386e-06
2072,5.375804903451353e-06
2073,4.502330284594791e-06
2074,4.179695224593161e-06
2075,4.949458798364503e-06
2076,4.045799869345501e-06
2077,4.515047749009682e-06
2078,3.965609266742831e-06
2079,5.500271981873084e-06
2080,5.1651404646690935e-06
2081,4.853508471569512e-06
2082,1.136783066613134e-05
2083,7.248296697071055e-06
2084,2.339139200557838e-06
2085,6.318455234577414e-06
2086,4.602030458045192e-06
2087,8.484093996230513e-06
2088,4.40426128989202e-06
2089,1.7407577615813352e-05
2090,3.6723879475175636e-06
2091,1.9685343431774527e-05
2092,1.3170871170586906e-05
2093,1.5455219909199513e-05
2094,4.3569172703428194e-05
2095,5.551131835090928e-06
2096,2.435883834550623e-05
2097,2.540225068514701e-05
2098,5.026095095672645e-06
2099,6.602453595405677e-06
2100,3.325044644952868e-06
2101,6.871603545732796e-06
2102,7.795518286002334e-06
2103,8.0833906395128e-06
2104,4.85630835100892e-06
2105,6.713890343235107e-06
2106,7.170621302066138e-06
2107,6.235744876903482e-06
2108,2.3121976482798345e-05
2109,4.905933565169107e-06
2110,1.729868927213829e-05
2111,1.5673158486606553e-05
2112,4.4683674786938354e-06
2113,1.2869827514805365e-05
2114,4.1970711208705325e-06
2115,1.6369560398743488e-05
2116,1.2233950656082015e-05
2117,4.628353508451255e-06
2118,6.923393812030554e-06
2119,8.303034519485664e-06
2120,2.370422771491576e-05
2121,9.388548278366216e-06
2122,1.1068047570006456e-05
2123,6.674330506939441e-06
2124,6.925424713699613e-06
2125,4.3338727664377075e-06
2126,1.2627750948013272e-05
2127,6.5392528085794766e-06
2128,7.920274583739229e-06
2129,7.8938919614302e-06
2130,3.4109675652871374e-06
2131,7.449797067238251e-06
2132,4.811582130059833e-06
2133,5.9420931393106e-06
2134,5.138944288773928e-06
2135,7.097691195667721e-06
2136,7.993572580744512e-06
2137,5.043087639933219e-06
2138,3.864274276565993e-06
2139,3.708219082909636e-06
2140,4.655296379496576e-06
2141,4.258632088749437e-06
2142,3.9058081711118575e-06
2143,1.0496401955606416e-05
2144,1.6983689420158044e-05
2145,6.975683845666936e-06
2146,2.0600658899638802e-05
2147,5.1118454393872526e-06
2148,2.260082692373544e-05
2149,1.3439250324154273e-05
2150,1.118992076953873e-05
2151,1.6893169231479988e-05
2152,4.060730589117156e-06
2153,2.1059549908386543e-05
2154,8.22857691673562e-06
2155,9.095919267565478e-06
2156,1.1838374120998196e-05
2157,2.799312824208755e-06
2158,9.079852134163957e-06
2159,3.039501962120994e-06
2160,7.759065738355275e-06
2161,6.509154445666354e-06
2162,3.827608907158719e-06
2163,3.693375674629351e-06
2164,4.935703145747539e-06
2165,7.356465630437015e-06
2166,4.645016815629788e-06
2167,6.260104328248417e-06
2168,6.168622803670587e-06
2169,1.5324732885346748e-05
2170,4.168687610217603e-06
2171,2.247029624413699e-05
2172,6.5481649471621495e-06
2173,1.2138974852859974e-05
2174,1.724764661048539e-05
2175,5.680926733475644e-06
2176,1.7796404790715314e-05
2177,5.902713382965885e-06
2178,7.050579370115884e-06
2179,6.597806077479618e-06
2180,5.04077979712747e-06
2181,4.917465957987588e-06
2182,7.900477612565737e-06
2183,7.5543648563325405e-06
2184,4.775929483002983e-06
2185,2.997634283019579e-06
2186,3.3820945191109786e-06
2187,6.628497430938296e-06
2188,4.886495844402816e-06
2189,1.157780752691906e-05
2190,1.5843903383938596e-05
2191,6.540840786328772e-06
2192,1.2764437087753322e-05
2193,5.027260158385616e-06
2194,7.150336841732496e-06
2195,5.2938876251573674e-06
2196,5.646947101922706e-06
2197,2.6888324100582395e-06
2198,5.406795480666915e-06
2199,8.350825737579726e-06
2200,1.8850589640351245e-06
2201,4.194453140371479e-06
2202,4.108675966563169e-06
2203,3.103311883023707e-06
2204,3.2466209631820675e-06
2205,2.7976598175882827e-06
2206,4.307672043069033e-06
2207,4.306168648327002e-06
2208,5.861195859324653e-06
2209,1.5490521036554128e-05
2210,4.461869593797019e-06
2211,2.371078335272614e-05
2212,3.231760501876124e-06
2213,2.193581167375669e-05
2214,1.685328606981784e-05
2215,3.7663103285012767e-06
2216,1.3781823327008169e-05
2217,4.731581611849833e-06
2218,1.032658383337548e-05
2219,4.204495780868456e-06
2220,1.1628139873209875e-05
2221,3.5676368952408666e-06
2222,1.5025744687591214e-05
2223,6.678900263068499e-06
2224,9.716231033962686e-06
2225,7.757578714517877e-06
2226,5.064408924226882e-06
2227,6.838800800323952e-06
2228,1.1029444976884406e-05
2229,1.4219960576156154e-05
2230,7.148928489186801e-06
2231,2.198940455855336e-05
2232,4.398299097374547e-06
2233,3.630719584180042e-05
2234,6.806391411373625e-06
2235,2.0963620045222342e-05
2236,1.674827217357233e-05
2237,9.373417924507521e-06
2238,7.58693431635038e-06
2239,7.341315267694881e-06
2240,1.502807208453305e-05
2241,9.762623449205421e-06
2242,3.240742807975039e-05
2243,4.041963165946072e-06
2244,2.1441393982968293e-05
2245,5.362023330235388e-06
2246,2.356414552195929e-05
2247,1.607812737347558e-05
2248,5.976226020720787e-06
2249,1.7558191757416353e-05
2250,2.9840514343959512e-06
2251,5.866606898052851e-06
2252,2.3650472940062173e-06
2253,8.654556950205006e-06
2254,8.159594472090248e-06
2255,4.0091613300319295e-06
2256,5.047053036832949e-06
2257,3.49507354258094e-06
2258,2.765852059383178e-06
2259,3.69759959539806e-06
2260,4.266633823135635e-06
2261,3.5217933600506512e-06
2262,7.69792495702859e-06
2263,5.24192319062422e-06
2264,1.1725906915671658e-05
2265,6.4288142311852425e-06
2266,6.1961768551555e-06
2267,2.2860424451209838e-06
2268,9.031953595695086e-06
2269,2.622896545290132e-06
2270,1.3875741387892049e-05
2271,9.764474270923529e-06
2272,4.436858944245614e-06
2273,7.044185167615069e-06
2274,2.483888010829105e-06
2275,3.887162620230811e-06
2276,3.446304162935121e-06
2277,4.400507805257803e-06
2278,2.5310150704171974e-06
2279,3.1536696951661725e-06
2280,3.031244432349922e-06
2281,9.053899702848867e-06
2282,8.640906344226096e-06
2283,3.1937670428305864e-06
2284,9.011748261400498e-06
2285,7.455343620677013e-06
2286,1.0057649888040032e-05
2287,1.4498185919364914e-05
2288,5.396832420956343e-06
2289,1.8041759176412597e-05
2290,3.4030695132969413e-06
2291,1.5226215509756003e-05
2292,3.590133701436571e-06
2293,1.0208671483269427e-05
2294,4.7029584493429866e-06
2295,8.846112905303016e-06
2296,3.4589531878737034e-06
2297,1.269237145606894e-05
2298,6.088348527555354e-06
2299,6.53358620184008e-06
2300,1.2065710507158656e-05
2301,4.921451818518108e-06
2302,1.4575924978998955e-05
2303,3.8535786188731436e-06
2304,8.219455594371539e-06
2305,3.4809293083526427e-06
2306,5.744782811234472e-06
2307,3.1054316877998644e-06
2308,4.316715148888761e-06
2309,3.5673931506607914e-06
2310,6.7841619966202416e-06
2311,2.6331863409723155e-06
2312,8.385006367461756e-06
2313,4.412699581735069e-06
2314,5.192521257413318e-06
2315,1.0859509529836942e-05
2316,2.7460903311293805e-06
2317,1.0850903890968766e-05
2318,2.900041408793186e-06
2319,1.0039666449301876e-05
2320,4.722188805317273e-06
2321,6.297829713730607e-06
2322,3.5157202091795625e-06
2323,8.513179636793211e-06
2324,1.191677074530162e-05
2325,2.266763885927503e-06
2326,4.197950602247147e-06
2327,2.6801330932357814e-06
2328,4.386356977192918e-06
2329,4.105548669031123e-06
2330,2.6226136924378807e-06
2331,2.9835555324098095e-06
2332,3.3396665912732715e-06
2333,4.7505582188023254e-06
2334,3.748028120753588e-06
2335,2.5781650947465096e-06
2336,1.803119516807783e-06
2337,3.352053454364068e-06
2338,3.788486537814606e-06
2339,3.7482379866560223e-06
2340,3.081463546550367e-06
2341,3.704716846186784e-06
2342,6.489472070825286e-06
2343,3.855297563859494e-06
2344,2.9081274988129735e-06
2345,5.357082500268007e-06
2346,3.186589083270519e-06
2347,1.0580790331005119e-05
2348,1.0852830200747121e-05
2349,5.551677077164641e-06
2350,1.125995913753286e-05
2351,4.540672762232134e-06
2352,8.845189768180717e-06
2353,2.9551410989370197e-06
2354,7.528593869210454e-06
2355,3.681105908981408e-06
2356,1.0040877896244638e-05
2357,2.8522463253466412e-06
2358,1.2559437891468406e-05
2359,2.49882873504248e-06
2360,2.3230533770401962e-05
2361,1.0438012395752594e-05
2362,1.173312557511963e-05
2363,7.377244855888421e-06
2364,1.1397503840271384e-05
2365,1.5906673070276156e-05
2366,3.597175009417697e-06
2367,6.2658155002282e-06
2368,3.1701981697551673e-06
2369,4.34172261520871e-06
2370,4.749523213831708e-06
2371,3.612439058997552e-06
2372,3.623423253884539e-06
2373,3.14074623020133e-06
2374,4.378930952952942e-06
2375,5.7254642342741136e-06
2376,4.116645413887454e-06
2377,5.492176569532603e-06
2378,4.013369107269682e-06
2379,4.314047600928461e-06
2380,3.606327254601638e-06
2381,2.9694035674765473e-06
2382,4.845093371841358e-06
2383,4.214045020489721e-06
2384,4.206553057883866e-06
2385,4.597595761879347e-06
2386,2.4721100544411456e-06
2387,2.5812778403633274e-06
2388,2.8748472686856985e-06
2389,4.711821020464413e-06
2390,3.0556443562090863e-06
2391,6.037281764292857e-06
2392,4.085182808921672e-06
2393,3.2731472856539767e-06
2394,3.451717702773749e-06
2395,2.6281948066753102e-06
2396,4.044771685585147e-06
2397,4.086266471858835e-06
2398,3.5504558582033496e-06
2399,2.203875965278712e-06
2400,8.457658623228781e-06
2401,2.4904559268179582e-06
2402,5.741884251619922e-06
2403,2.2044582692615222e-06
2404,4.275909304851666e-06
2405,2.6906177481578197e-06
2406,6.29044916422572e-06
2407,2.3576640160172246e-06
2408,5.376217814045958e-06
2409,2.8791650947823655e-06
2410,7.552018814749317e-06
2411,3.563839527487289e-06
2412,1.4174714124237653e-05
2413,2.98982718049956e-06
2414,2.090504131047055e-05
2415,4.278407686797436e-06
2416,1.24550924738287e-05
2417,3.4925997169921175e-06
2418,1.7070924513973296e-05
2419,9.529664566798601e-06
2420,1.3564144865085836e-05
2421,1.1603395250858739e-05
2422,8.980679012893233e-06
2423,5.727525149268331e-06
2424,1.3064529412076809e-05
2425,9.98993436951423e-06
2426,5.9459293879626784e-06
2427,2.6351931410317775e-06
2428,1.9388731743674725e-05
2429,4.446168532012962e-06
2430,1.2871094440924935e-05
2431,1.0073252269648947e-05
2432,5.67708730159211e-06
2433,6.865027899038978e-06
2434,3.754909357667202e-06
2435,3.0296178010758013e-06
2436,4.2263059185643215e-06
2437,4.134481059736572e-06
2438,7.835161341063213e-06
2439,3.432809990044916e-06
2440,7.580557394248899e-06
2441,2.7351186417945428e-06
2442,4.406474545248784e-06
2443,3.28563510265667e-06
2444,5.759356099588331e-06
2445,9.165496521745808e-06
2446,3.1247882361640222e-06
2447,3.445352604103391e-06
2448,5.398821940616472e-06
2449,2.328805976503645e-06
2450,1.579025934006495e-06
2451,5.037921255279798e-06
2452,2.8490710519690765e-06
2453,3.545662593751331e-06
2454,5.779589173471322e-06
2455,3.726494242073386e-06
2456,2.4390176349697867e-06
2457,6.914003279234748e-06
2458,3.757113518076949e-06
2459,4.063642336404882e-06
2460,3.412740170460893e-06
2461,3.2173070394492242e-06
2462,2.6626048565958627e-06
2463,6.952569037821377e-06
2464,9.421129107067827e-06
2465,5.349847924662754e-06
2466,2.3453171706933063e-06
2467,2.329891458430211e-06
2468,5.017065177526092e-06
2469,4.974806870450266e-06
2470,3.158423851346015e-06
2471,4.541240741673391e-06
2472,5.85389989282703e-06
2473,2.2394801817426924e-06
2474,4.779188657266786e-06
2475,3.1561419291392667e-06
2476,4.1951561797759496e-06
2477,1.1700045433826745e-05
2478,8.510617590218317e-06
2479,6.1850146266806405e-06
2480,5.817052169732051e-06
2481,1.59422461365466e-06
2482,3.4836787108361023e-06
2483,4.740196800412377e-06
2484,3.804897005466046e-06
2485,5.606287231785245e-06
2486,6.098460744397016e-06
2487,9.02506599231856e-06
2488,8.855172382027376e-06
2489,8.630368938611355e-06
2490,6.595953436772106e-06
2491,9.393592335982248e-06
2492,8.004796654859092e-06
2493,1.0522687261982355e-05
2494,8.66926620801678e-06
2495,5.8735568018164486e-06
2496,2.48800483859668e-06
2497,1.6014877473935485e-05
2498,1.5911149603198282e-05
2499,1.9086678548774216e-06
2500,1.0162179933104198e-05
2501,4.477096808841452e-06
2502,4.176094080321491e-06
2503,3.0336773306771647e-06
2504,5.162099569133716e-06
2505,6.580562512681354e-06
2506,3.51653716279543e-06
2507,8.229728337028064e-06
2508,3.976449079345912e-06
2509,8.563991286791861e-06
2510,2.8275680961087346e-06
2511,2.544865992604173e-06
2512,5.860766577825416e-06
2513,4.622274900611956e-06
2514,2.3251100174093153e-06
2515,2.4218293219746556e-06
2516,5.561153102462413e-06
2517,2.90284447146405e-06
2518,3.2218711112363962e-06
2519,3.079600901401136e-06
2520,4.204202468827134e-06
2521,2.5600381832191488e-06
2522,4.333495326136472e-06
2523,3.7346480894484557e-06
2524,2.687541382329073e-06
2525,3.0372100354725262e-06
2526,3.011266016983427e-06
2527,1.9534036255208775e-06
2528,2.6895536393567454e-06
2529,2.3799191239959328e-06
2530,5.666465767717455e-06
2531,3.295012675152975e-06
2532,2.8855522486992413e-06
2533,2.8688582460745238e-06
2534,1.0008050594478846e-05
2535,3.0170010631991317e-06
2536,1.800634345272556e-05
2537,1.998787638513022e-06
2538,1.5055431504151784e-05
2539,2.502900997569668e-06
2540,8.360689207620453e-06
2541,9.01212388271233e-06
2542,1.3703031072509475e-05
2543,8.764203812461346e-06
2544,5.17773787578335e-06
2545,1.3710791790799703e-05
2546,8.728492502996232e-06
2547,3.885912974510575e-06
2548,4.853287919104332e-06
2549,3.174196763211512e-06
2550,4.328965133026941e-06
2551,5.452001005323837e-06
2552,7.483573426725343e-06
2553,4.175091362412786e-06
2554,3.7296324535418535e-06
2555,3.2569957966188667e-06
2556,1.0556635061220732e-05
2557,3.3299131700914586e-06
2558,6.354472589009674e-06
2559,4.249542598699918e-06
2560,1.3649984794028569e-05
2561,2.1965718133287737e-06
2562,6.824105184932705e-06
2563,3.6014371289638802e-06
2564,6.979638783377595e-06
2565,9.278080142394174e-06
2566,7.693885891058017e-06
2567,1.3009154827159364e-05
2568,3.3748187888704706e-06
2569,2.05480246222578e-05
2570,2.089404233629466e-06
2571,2.3901844542706385e-05
2572,2.7359003524907166e-06
2573,1.3706346180697437e-05
2574,4.64115510112606e-06
2575,1.8806971638696268e-05
2576,3.5630639558803523e-06
2577,3.705201606862829e-06
2578,4.946620720147621e-06
2579,3.2107577681017574e-06
2580,5.022044206270948e-06
2581,3.780600309255533e-06
2582,3.91531511922949e-06
2583,5.865464572707424e-06
2584,1.1464634553703945e-05
2585,8.960263585322537e-06
2586,1.5535682905465364e-05
2587,6.78872675052844e-06
2588,9.81830817181617e-06
2589,8.850671292748302e-06
2590,8.919967513065785e-06
2591,5.386424618336605e-06
2592,3.926029421563726e-06
2593,5.974457963020541e-06
2594,5.93894856137922e-06
2595,1.4462103536061477e-05
2596,5.378646619647043e-06
2597,6.346241207211278e-06
2598,4.401927981234621e-06
2599,7.769092917442322e-06
2600,5.432713805930689e-06
2601,3.169772753608413e-06
2602,4.513139174378011e-06
2603,2.4386788481933763e-06
2604,4.302049546822673e-06
2605,2.642679419295746e-06
2606,3.8524012779816985e-06
2607,3.866337465296965e-06
2608,5.820030764880357e-06
2609,2.0649804355343804e-06
2610,3.984983777627349e-06
2611,3.416012077650521e-06
2612,4.5539445636677556e-06
2613,2.2656156488665147e-06
2614,4.773288765136385e-06
2615,2.187264726671856e-06
2616,2.0651273189287167e-06
2617,3.299199534012587e-06
2618,5.417605734692188e-06
2619,2.1436726456158794e-06
2620,2.331716586922994e-06
2621,2.1109860881551867e-06
2622,3.034190058315289e-06
2623,6.0559150369954295e-06
2624,3.382910335858469e-06
2625,3.923522399418289e-06
2626,3.1193146696750773e-06
2627,3.7873699056945043e-06
2628,7.5475159064808395e-06
2629,7.713348168181255e-06
2630,2.4183364075724967e-06
2631,2.970743253172259e-06
2632,5.44699105375912e-06
2633,6.073553322494263e-06
2634,2.838429736584658e-06
2635,3.5423381632426754e-06
2636,8.564133167965338e-06
2637,2.325457671759068e-06
2638,1.0069674317492172e-05
2639,3.582926865419722e-06
2640,3.2957007078948664e-06
2641,9.25556832953589e-06
2642,4.111650468985317e-06
2643,7.725784598733298e-06
2644,5.662050625687698e-06
2645,7.866085070418194e-06
2646,4.16385364587768e-06
2647,8.64222693053307e-06
2648,6.9044140218466055e-06
2649,3.967056727560703e-06
2650,3.4278803013876313e-06
2651,2.782521505650948e-06
2652,4.774188255396439e-06
2653,3.3966439332289156e-06
2654,5.891744422115153e-06
2655,4.9557943384570535e-06
2656,5.741186214436311e-06
2657,5.734535989176948e-06
2658,3.188514256180497e-06
2659,1.452247852284927e-05
2660,3.330532081236015e-06
2661,5.577907813858474e-06
2662,3.5415237107372377e-06
2663,1.1217505743843503e-05
2664,2.135848262696527e-06
2665,4.559709850582294e-06
2666,6.4074101828737184e-06
2667,9.733942533785012e-06
2668,2.8131939870945644e-06
2669,4.0831155274645425e-06
2670,7.1229360401048325e-06
2671,1.7549375570524717e-06
2672,8.84707424120279e-06
2673,3.139221007586457e-06
2674,5.472813427331857e-06
2675,3.2414084216725314e-06
2676,3.5018649668927537e-06
2677,3.721107759702136e-06
2678,3.890648713422706e-06
2679,3.115762638117303e-06
2680,2.8710471724480158e-06
2681,5.746749593527056e-06
2682,3.24940515383787e-06
2683,1.6772355593275279e-06
2684,4.468321549211396e-06
2685,2.5437793738092296e-06
2686,2.746909785855678e-06
2687,3.172901415382512e-06
2688,2.064478621832677e-06
2689,4.907279617327731e-06
2690,2.8877802833449095e-06
2691,5.201399744692026e-06
2692,5.764571142208297e-06
2693,3.7049883303552633e-06
2694,2.2711512883688556e-06
2695,4.0485419958713464e-06
2696,2.374116775172297e-06
2697,2.9800703487126157e-06
2698,3.3137841910502175e-06
2699,2.1243765786493896e-06
2700,3.327887498016935e-06
2701,3.347626943650539e-06
2702,4.639274720830144e-06
2703,2.321770352864405e-06
2704,4.544411694951123e-06
2705,2.6199240892310627e-06
2706,2.4132068574544974e-06
2707,2.4282353479065932e-06
2708,2.3930710995045956e-06
2709,2.0053191747138044e-06
2710,2.53763391810935e-06
2711,3.768406031667837e-06
2712,1.429691451448889e-06
2713,2.113505615852773e-06
2714,2.455583853588905e-06
2715,1.9338908714416903e-06
2716,1.9648930447146995e-06
2717,2.397077651039581e-06
2718,2.3092331957741408e-06
2719,3.1945196496963035e-06
2720,5.906373189645819e-06
2721,2.5780491341720335e-06
2722,4.0290997276315466e-06
2723,4.0105392145051155e-06
2724,2.5617825940571493e-06
2725,2.0403276721481234e-06
2726,4.189492301520659e-06
2727,3.576332346710842e-06
2728,1.2673400533458334e-06
2729,3.5041123283008346e-06
2730,3.313031356810825e-06
2731,4.316711056162603e-06
2732,3.4024103570118314e-06
2733,3.0272160529420944e-06
2734,4.685008207161445e-06
2735,2.7983639938611304e-06
2736,6.516588655358646e-06
2737,2.504828216842725e-06
2738,2.6178631742368452e-06
2739,5.288619377097348e-06
2740,4.254428404237842e-06
2741,9.354072972200811e-06
2742,2.4466062313877046e-06
2743,5.237023287918419e-06
2744,2.704623966565123e-06
2745,2.7492524168337695e-06
2746,4.740728400065564e-06
2747,1.912612333399011e-06
2748,4.065314897161443e-06
2749,3.7337267713155597e-06
2750,3.751415306396666e-06
2751,2.79344158116146e-06
2752,1.9782198705797782e-06
2753,2.9091925171087496e-06
2754,1.6242179299297277e-06
2755,2.8756223855452845e-06
2756,3.6067426663066726e-06
2757,1.5730065570096485e-06
2758,2.47286129706481e-06
2759,3.2055736483016517e-06
2760,2.2685246676701354e-06
2761,5.0920834837597795e-06
2762,2.4975090582302073e-06
2763,3.761352445508237e-06
2764,2.515856976970099e-06
2765,3.6296962662163423e-06
2766,3.6397827898326796e-06
2767,3.1413162560056662e-06
2768,3.2024474876379827e-06
2769,2.8637805371545255e-06
2770,2.077481212836574e-06
2771,2.6188349693256896e-06
2772,4.844241175305797e-06
2773,2.7691021386999637e-06
2774,3.378066821824177e-06
2775,2.6517579954088433e-06
2776,2.8477920750447083e-06
2777,4.5479409891413525e-06
2778,2.8792010198230855e-06
2779,3.5193315852666274e-06
2780,4.094785253982991e-06
2781,2.0668956040026387e-06
2782,3.5775037758867256e-06
2783,3.872329671139596e-06
2784,4.430161880009109e-06
2785,2.4929290702857543e-06
2786,3.243717173972982e-06
2787,4.03878175347927e-06
2788,3.316057473057299e-06
2789,2.519120698707411e-06
2790,3.2959146665234584e-06
2791,2.467931835781201e-06
2792,3.3931105463125277e-06
2793,6.043877874617465e-06
2794,4.604000878316583e-06
2795,3.4133749977627303e-06
2796,3.6906078548781807e-06
2797,9.833557669480797e-06
2798,3.728558112925384e-06
2799,3.4166603199992096e-06
2800,8.71439988259226e-06
2801,2.8674523946392583e-06
2802,5.844089173479006e-06
2803,3.3732278552633943e-06
2804,5.090778813610086e-06
2805,7.030178039713064e-06
2806,2.564337592048105e-06
2807,4.60489172837697e-06
2808,1.8721491414908087e-06
2809,2.175330564568867e-06
2810,5.37056575922179e-06
2811,3.682978785946034e-06
2812,2.7190926630282775e-06
2813,5.061172942077974e-06
2814,5.917446742387256e-06
2815,3.434384780121036e-06
2816,3.946773176721763e-06
2817,1.7660023559074034e-06
2818,3.1307063181884587e-06
2819,2.7434991807240294e-06
2820,2.3206605419545667e-06
2821,2.128109372279141e-06
2822,2.6571517537377076e-06
2823,3.147968527628109e-06
2824,2.098782260873122e-06
2825,1.1565803106350359e-06
2826,2.719442363741109e-06
2827,1.5607728300892632e-06
2828,6.048934665159322e-06
2829,2.111739831889281e-06
2830,4.986474777979311e-06
2831,4.608805284078699e-06
2832,1.8588928014651174e-06
2833,6.811147613916546e-06
2834,6.4509117692068685e-06
2835,4.234171228745254e-06
2836,9.853904884948861e-06
2837,1.2358277672319673e-05
2838,3.3510507364553632e-06
2839,1.0846728400792927e-05
2840,6.996153842919739e-06
2841,7.144394658098463e-06
2842,7.447035841323668e-06
2843,4.93937704959535e-06
2844,1.2484325452533085e-05
2845,1.1488595191622153e-05
2846,3.153827037749579e-06
2847,1.2156267075624783e-05
2848,1.0101166481035762e-05
2849,4.073259333381429e-06
2850,1.072595205187099e-05
2851,3.3131434520328185e-06
2852,5.458469331642846e-06
2853,4.404749688546872e-06
2854,5.825750122312456e-06
2855,2.30415162150166e-06
2856,4.83852318211575e-06
2857,2.748153747234028e-06
2858,3.5609095903055277e-06
2859,5.745464932260802e-06
2860,6.187633061927045e-06
2861,2.004300768021494e-06
2862,3.384062665645615e-06
2863,6.82797053741524e-06
2864,3.4297183901799144e-06
2865,7.546793767687632e-06
2866,9.456435691390652e-06
2867,2.021362206505728e-06
2868,1.3423995369521435e-05
2869,9.774037607712671e-06
2870,2.1747136997873895e-06
2871,1.0932275472441688e-05
2872,8.521314157405868e-06
2873,1.965901219591615e-06
2874,6.765500984329265e-06
2875,1.1935841939703096e-05
2876,1.991558974623331e-06
2877,1.4355216990225017e-05
2878,4.702660135080805e-06
2879,4.657103090721648e-06
2880,1.0103251952386927e-05
2881,3.1431020488525974e-06
2882,3.912691681762226e-06
2883,1.0241440577374306e-05
2884,4.629612249118509e-06
2885,2.9270972845552024e-06
2886,7.82336155680241e-06
2887,1.745438453326642e-06
2888,3.13676036967081e-06
2889,5.486754616867984e-06
2890,3.418834012336447e-06
2891,4.167304723523557e-06
2892,3.2510808978258865e-06
2893,1.6750659597164486e-06
2894,2.9920013275841484e-06
2895,2.252298145322129e-06
2896,3.168701141476049e-06
2897,3.093813802479417e-06
2898,2.8547003694257e-06
2899,2.2505496417579707e-06
2900,2.633318899825099e-06
2901,1.9761550902330782e-06
2902,3.3485844141978305e-06
2903,2.3615730242454447e-06
2904,2.17044339478889e-06
2905,2.7577227683650563e-06
2906,1.8674911643756786e-06
2907,2.9041702873655595e-06
2908,2.9939239993836964e-06
2909,2.901517291320488e-06
2910,2.5980848477047402e-06
2911,3.3833944144134875e-06
2912,2.4892499368434073e-06
2913,4.562535650620703e-06
2914,2.606147290862282e-06
2915,2.1380087673605885e-06
2916,5.3398885029309895e-06
2917,3.2518601074116305e-06
2918,1.3249904213807895e-06
2919,1.9659871668409323e-06
2920,2.17245428757451e-06
2921,1.9007137552762288e-06
2922,4.195253040961688e-06
2923,2.072768893413013e-06
2924,1.7744943079378572e-06
2925,1.5903888197499327e-06
2926,2.8021206617268035e-06
2927,3.8673533708788455e-06
2928,2.864224597942666e-06
2929,1.8268405028720736e-06
2930,3.2693583307263907e-06
2931,2.7588162083702628e-06
2932,3.437910208958783e-06
2933,4.373090632725507e-06
2934,2.849202701327158e-06
2935,1.6733894199205679e-06
2936,2.8575605028891005e-06
2937,3.0226360649976414e-06
2938,3.3584015000087675e-06
2939,3.326971864225925e-06
2940,2.625635943331872e-06
2941,2.4869814296835102e-06
2942,5.223948846833082e-06
2943,3.6783751511393348e-06
2944,3.3872572657855926e-06
2945,8.187190360331442e-06
2946,3.7815059386048233e-06
2947,2.366431772315991e-06
2948,4.234970219840761e-06
2949,5.8428404372534715e-06
2950,2.6180043732892955e-06
2951,3.968215423810761e-06
2952,2.5962988274841337e-06
2953,2.628729134812602e-06
2954,5.102587692817906e-06
2955,2.7468699954624753e-06
2956,1.7162344647658756e-06
2957,4.650157279684208e-06
2958,7.549928341177292e-06
2959,3.1897868666419527e-06
2960,3.105996711383341e-06
2961,1.777157422111486e-06
2962,1.2383466128085274e-06
2963,2.957235210487852e-06
2964,2.288234099978581e-06
2965,3.146426479361253e-06
2966,1.8373641523794504e-06
2967,4.486770194489509e-06
2968,3.2571379051660188e-06
2969,2.263458100060234e-06
2970,4.246907792548882e-06
2971,2.5155288767564343e-06
2972,3.5563296023610746e-06
2973,2.8850461148977047e-06
2974,2.487226083758287e-06
2975,2.209888180004782e-06
2976,1.7192027144119493e-06
2977,3.0384317142306827e-06
2978,8.893626727513038e-06
2979,2.492005023668753e-06
2980,2.0676920939877164e-06
2981,7.312520210689399e-06
2982,3.1984238830773393e-06
2983,3.3826931939984206e-06
2984,4.733451532956678e-06
2985,4.541064754448598e-06
2986,2.8833351279899944e-06
2987,2.3416253043251345e-06
2988,2.6687303034123033e-06
2989,4.220483333483571e-06
2990,2.7103963020636e-06
2991,6.102903171267826e-06
2992,3.6904891658195993e-06
2993,4.3052186811110005e-06
2994,1.9363455976417754e-06
2995,3.839837972918758e-06
2996,4.266965788701782e-06
2997,3.7614902339555556e-06
2998,2.409508624623413e-06
2999,4.796356734004803e-06
3000,2.8213578389113536e-06
3001,2.0647557903430425e-06
3002,2.6925788461085176e-06
3003,2.422587158434908e-06
3004,3.3321714454359608e-06
3005,3.2413038297818275e-06
3006,2.824216835506377e-06
3007,3.0623589282186003e-06
3008,2.5843905859801453e-06
3009,4.759187049785396e-06
3010,3.943588126276154e-06
3011,3.45370108334464e-06
3012,1.5344323855970288e-06
3013,3.3222663660126273e-06
3014,1.6662341977280448e-06
3015,2.4651062631164677e-06
3016,4.3711120270018e-06
3017,1.8953542166855186e-06
3018,1.670611140980327e-06
3019,4.010961674794089e-06
3020,2.871272954507731e-06
3021,1.920620206874446e-06
3022,2.932529696408892e-06
3023,3.0529004106938373e-06
3024,3.7344880183809437e-06
3025,3.7069330574013293e-06
3026,1.8503973251426942e-06
3027,3.1560514344164403e-06
3028,2.277555040564039e-06
3029,3.214672688045539e-06
3030,2.7611959012574516e-06
3031,1.7362408470944501e-06
3032,1.7354819874526584e-06
3033,4.317868388170609e-06
3034,2.4545461201341823e-06
3035,4.747016191686271e-06
3036,3.998241936642444e-06
3037,3.960697995353257e-06
3038,2.3684940515522612e-06
3039,3.7178558613959467e-06
3040,2.3674745079915738e-06
3041,4.506448476604419e-06
3042,2.0250504348950926e-06
3043,2.6490181426197523e-06
3044,2.956094931505504e-06
3045,2.15557429328328e-06
3046,3.409457576708519e-06
3047,1.9498502297210507e-06
3048,2.271454604851897e-06
3049,3.357577952556312e-06
3050,1.940041556736105e-06
3051,2.698791377042653e-06
3052,2.659489609868615e-06
3053,2.672246637303033e-06
3054,3.5331449907971546e-06
3055,2.392462874922785e-06
3056,2.063363808701979e-06
3057,2.0001486973342253e-06
3058,1.502737404734944e-06
3059,3.3940507364604855e-06
3060,1.6224753380811308e-06
3061,2.8103988825023407e-06
3062,3.473387550911866e-06
3063,3.233361894672271e-06
3064,1.6837699376992532e-06
3065,2.3492525542678777e-06
3066,2.4992216367536457e-06
3067,1.5959727761583054e-06
3068,3.3435098885092884e-06
3069,5.322788638295606e-06
3070,3.3374608392477967e-06
3071,2.444694473524578e-06
3072,1.6393206578868558e-06
3073,3.031045253010234e-06
3074,2.443814310026937e-06
3075,2.7891999252460664e-06
3076,4.6375757847272325e-06
3077,2.1929868125880603e-06
3078,2.069896254397463e-06
3079,3.4008749025815632e-06
3080,1.797301251826866e-06
3081,1.8746026171356789e-06
3082,3.4330876133026322e-06
3083,1.3879129028282478e-06
3084,3.670815885925549e-06
3085,2.242023356302525e-06
3086,2.444209258101182e-06
3087,2.545314373492147e-06
3088,1.934797182912007e-06
3089,2.4490534542565e-06
3090,2.507990757294465e-06
3091,4.209784947306616e-06
3092,2.7037383460992714e-06
3093,1.8683591633816832e-06
3094,3.834480139630614e-06
3095,3.720438826348982e-06
3096,2.89245122075954e-06
3097,5.370135568227852e-06
3098,3.1329552712122677e-06
3099,2.081522097796551e-06
3100,2.4002260943234432e-06
3101,3.449127689236775e-06
3102,5.160804448678391e-06
3103,2.089574536512373e-06
3104,3.0674898425786523e-06
3105,3.3512446862005163e-06
3106,2.5828826437646057e-06
3107,4.295477992855012e-06
3108,2.0098329969187034e-06
3109,3.0065323244343745e-06
3110,2.8683559776254697e-06
3111,2.9650002488779137e-06
3112,1.655657456467452e-06
3113,2.8893314265587833e-06
3114,4.502536285144743e-06
3115,3.2467903565702727e-06
3116,3.5218074572185287e-06
3117,3.463852635832154e-06
3118,3.3260216696362477e-06
3119,2.750385419858503e-06
3120,4.113561317353742e-06
3121,3.6036785786563996e-06
3122,4.669423105951864e-06
3123,2.8239032872079406e-06
3124,3.909545739588793e-06
3125,1.838998286984861e-06
3126,3.00344686365861e-06
3127,2.066223260044353e-06
3128,1.915758048198768e-06
3129,1.8899182805398596e-06
3130,3.336133431730559e-06
3131,5.882249297428643e-06
3132,4.874712885793997e-06
3133,2.1414073216874385e-06
3134,4.575159891828662e-06
3135,3.563665131878224e-06
3136,2.4375112843699753e-06
3137,2.0357883840915747e-06
3138,2.1846667550562415e-06
3139,2.9000766517128795e-06
3140,2.8741008009092184e-06
3141,2.818919710989576e-06
3142,1.9011682752534398e-06
3143,4.1643397707957774e-06
3144,4.063518645125441e-06
3145,2.680789066289435e-06
3146,2.4712312551855575e-06
3147,2.8472807116486365e-06
3148,2.108047738147434e-06
3149,2.2309025098365964e-06
3150,2.18672812479781e-06
3151,3.572369450921542e-06
3152,2.7354610665497603e-06
3153,3.6129329146206146e-06
3154,3.48184107679117e-06
3155,2.967644832096994e-06
3156,3.2810157790663652e-06
3157,2.9647312658198643e-06
3158,2.8277397632336942e-06
3159,3.120185510852025e-06
3160,1.4705623243571608e-06
3161,2.6775642254506238e-06
3162,3.2808034120535012e-06
3163,2.7818971375381807e-06
3164,2.780836439342238e-06
3165,2.8856620701844804e-06
3166,2.714013817239902e-06
3167,1.4066190487938002e-06
3168,2.479653858245001e-06
3169,2.0666409454861423e-06
3170,3.115574372714036e-06
3171,5.8742016335600056e-06
3172,3.1975539513950935e-06
3173,2.0639663489419036e-06
3174,6.24909216639935e-06
3175,1.8608492382554687e-06
3176,2.9716388780798297e-06
3177,2.7262535695626866e-06
3178,2.520847374398727e-06
3179,5.654588221659651e-06
3180,2.8475842555053532e-06
3181,1.7662187019595876e-06
3182,2.4490982468705624e-06
3183,3.218717210984323e-06
3184,3.409455985092791e-06
3185,3.098053184658056e-06
3186,2.2742190139979357e-06
3187,3.0209828310034936e-06
3188,1.6967678675428033e-06
3189,3.4096885883627692e-06
3190,2.185181529057445e-06
3191,1.9555479866539827e-06
3192,2.815532980093849e-06
3193,1.7429814533898025e-06
3194,1.866176035036915e-06
3195,2.155450602003839e-06
3196,2.3959244117577327e-06
3197,2.3215475266624708e-06
3198,2.653956471476704e-06
3199,4.751275355374673e-06
3200,4.1097109715337865e-06
