Generation,Individual_ID,Initial_Loss,Peak_Loss,Boundary_Loss,PDE_Loss,Trace_Loss
0,0,2.1893777689536207,0.010878701774773757,0.0,0.0,0.00025715582119295084
0,1,1.469435411691071,5.784513982682641e-06,1.2638932881194006e-07,0.0,0.0002557482358995312
0,2,0.18012628159286892,0.006265043020407045,5.4474022536223434e-08,0.0,0.00025812442932020535
0,3,0.8456898464081197,0.013974263871866172,3.736799760859329e-08,0.0,0.00025622068722743293
0,4,0.08760599224238015,0.03691016819630457,9.702002476631281e-08,0.0,0.00025547431933963823
0,5,0.5669759089284127,9.280648174712307e-08,1.8037759441946595e-07,0.0,0.00025809881840130013
0,6,0.5296687732321368,0.019869959190683472,9.447524493217322e-08,0.0,0.0002541440354879308
0,7,0.10091202231877658,0.020192753709346492,9.931715800125269e-08,0.0,0.00025614607306566914
0,8,0.07056884105351197,0.002313107702548027,1.0971153664154418e-07,0.0,0.00026030734763155385
0,9,0.1417829457309373,0.0075464986244531285,0.0,0.0,0.0002572543370066211
0,10,3.586538053669443,0.013313306230161323,3.7522557061364545e-08,0.0,0.00025547465056328494
0,11,0.9040267799598246,0.001125307696442855,5.514692991336751e-08,0.0,0.00025717388430300514
0,12,8.519204271102325,0.01261029436214582,5.0052917436217946e-08,0.0,0.00025521421916982294
0,13,0.09404361722579978,0.011123754597082883,5.134550398486766e-08,0.0,0.00025915069415960115
0,14,0.08233679587019081,0.0008548541430587495,6.216651898834485e-08,0.0,0.00025751716590619495
0,15,10.06937864880782,0.00025675480782709026,7.81020587549164e-08,0.0,0.0002546526384479153
0,16,0.07976532497147472,0.025127848108763753,6.163128046391437e-08,0.0,0.000258249222729405
0,17,0.7952606992779601,3.074260167216253e-05,5.083948694435931e-08,0.0,0.0002608657251054503
0,18,0.36907197121894564,0.002447373141743867,0.0,0.0,0.00025931283127762154
0,19,109.9000662934146,0.0009267221980853364,6.04541285623109e-08,0.0,0.0002546042429480383
0,20,1.195546906894456,0.011274025027044773,5.3037869219502596e-08,0.0,0.00025539410242574984
0,21,1.2205060165135257,0.0002795856390915806,0.0,0.0,0.00025921164564207265
0,22,0.09406866855088296,0.030799330432319586,7.01914529322137e-08,0.0,0.0002558667981048143
0,23,10.819256884952733,0.005345043593700323,0.0,0.0,0.00025742820057944756
0,24,0.24410322068779153,0.006730882452043099,6.07928594335607e-08,0.0,0.00025771494567860013
0,25,0.7327694520138627,5.951385903974109e-05,7.082060022161527e-08,0.0,0.0002572970990980416
0,26,0.11437908858933162,0.00016435547469998216,8.564436049570849e-08,0.0,0.0002553632552586169
0,27,0.07488594348240706,0.006584258492682041,7.322118489847766e-08,0.0,0.0002570627033556962
0,28,0.9543170338209095,1.7952747356323477e-06,3.39714878948733e-08,0.0,0.0002559877036790619
0,29,24.569023046727015,7.50082455324882e-06,8.906568271015144e-08,0.0,0.0002557398113929416
20,0,0.5669759089284127,9.280648174712307e-08,1.8037759441946595e-07,0.0,0.00025809881840130013
20,1,0.9543170338209095,1.7952747356323477e-06,3.39714878948733e-08,0.0,0.0002559877036790619
20,2,0.38497368160964707,3.244394246900521e-09,1.2578141484514176e-07,0.0,0.00025940148149955884
20,3,0.521180882666425,0.025150621651296175,1.0368945414079833e-07,0.0,0.00025402490085287075
20,4,0.07152723786621998,0.0012784467651088289,1.5558711159561312e-07,0.0,0.0002560079088478813
20,5,3.61991965137405,0.0006525734681299598,0.0,0.0,0.0002559735871032949
20,6,35.31541564777467,0.005916434726935098,7.065303915455056e-08,0.0,0.00025364813965143243
20,7,0.07369194674899678,0.004006247740736643,6.00775417085246e-08,0.0,0.00025662504036250486
20,8,0.09976000151175089,1.693033546098866e-05,6.999296986339067e-08,0.0,0.0002577878088734927
20,9,0.8180416682079745,0.025990108016819377,6.803243392320455e-08,0.0,0.0002534679276939047
20,10,0.07686461836998212,0.0005612535763354013,4.790449570053451e-08,0.0,0.00025713318377924003
20,11,0.10733335874815639,0.0007594634279830186,9.295465467549998e-08,0.0,0.0002541534315369119
20,12,0.14805317589016506,3.9349420760979236e-08,6.8408121552391e-08,0.0,0.0002588904458487197
20,13,9.271826161237863,0.004216751507519061,6.609054664142021e-08,0.0,0.0002538134841355251
20,14,0.14259242956011667,0.005860138611280112,8.360652724004813e-08,0.0,0.0002544394015441279
20,15,0.44458915998231385,1.4810840447911335e-06,9.00203659332963e-08,0.0,0.0002584743179937099
20,16,0.06879378340345892,9.281004615739217e-07,5.918962134034752e-08,0.0,0.0002593947204855759
20,17,0.10038085814490545,5.765021046574425e-06,5.5222956560780165e-08,0.0,0.00025869830670256983
20,18,0.08209130228499684,6.624147273893306e-05,6.489031853314113e-08,0.0,0.00025644470291982346
20,19,0.563887135551778,0.0017309142253144534,8.806096946251558e-08,0.0,0.00025385130814700366
20,20,0.07415028903216135,0.002411535402474493,5.5959599940765786e-08,0.0,0.00025729780943864976
20,21,0.07257136689727033,0.011649424209761339,0.0,0.0,0.0002554941265047594
20,22,0.25326942133139674,4.3004459712013963e-05,1.962923028798039e-08,0.0,0.0002564747041542284
20,23,0.08446618738380675,5.779470580753944e-05,4.3523185319782157e-08,0.0,0.000255908087858484
20,24,0.08238263501609978,0.02120182736254021,9.473126454607066e-08,0.0,0.0002546713287630017
20,25,0.8596750395492417,0.00013507951026743762,3.976420764110324e-08,0.0,0.0002551302123424242
20,26,0.08370130969802807,5.392331118164158e-05,8.3333696983625e-08,0.0,0.00025451297861612453
20,27,0.0877411960073238,0.00016523228939396042,0.0,0.0,0.0002561250106347825
20,28,0.0611244623747879,0.0050839119788672815,1.0020778087507601e-07,0.0,0.0002567080236513749
20,29,0.10398848973434267,0.0021080577744357243,9.051455134190844e-08,0.0,0.00025427710433465384
20,30,1.1256491855411603,1.1434601001422835e-09,1.4667702233667652e-07,0.0,0.00025811190959524705
20,31,0.26898511355573756,3.5769815916278035e-06,4.7763412917819525e-08,0.0,0.0002540925517567841
20,32,0.8987076025352527,0.022538578620256728,8.024786409343157e-08,0.0,0.00025317287583625467
20,33,0.22633782719996437,5.305206868956659e-06,1.0846590424981653e-07,0.0,0.00025716306091574947
20,34,5.46314935779203,8.088591080187006e-05,0.0,0.0,0.00025475632065129634
20,35,0.06564573710811335,0.00011555123938684983,9.962291258775736e-08,0.0,0.0002588321400317598
20,36,0.6680534963413536,9.13227500784901e-07,4.921439499711891e-08,0.0,0.0002584600967996162
20,37,0.0797357047540153,0.000280821694389704,3.9871535660895983e-08,0.0,0.0002591824752504236
20,38,0.07476657941910951,0.0008328330724834891,9.013732963469397e-08,0.0,0.00025617557645063016
20,39,0.06987898019087811,0.0013281768508341975,6.940422476636984e-08,0.0,0.00025549628946187127
20,40,0.06845846673901407,0.00982002218454993,9.026862636836515e-08,0.0,0.0002561414786913753
20,41,0.0670140268912559,0.01222731996472011,4.485794057757382e-08,0.0,0.0002576408785265829
20,42,0.06250544317996733,0.0073154976990345115,6.210058451797798e-08,0.0,0.00025744674239733923
20,43,0.08426961296516279,0.006340844136691299,0.0,0.0,0.00025501854534515204
20,44,0.11679172732984894,0.03397797535570434,6.72216389241092e-08,0.0,0.0002545466818292183
20,45,0.07480324463850815,0.00022567189698036267,7.980661897149238e-08,0.0,0.0002591243831454702
20,46,0.08563482049666415,4.148142004484682e-05,6.545196783416663e-08,0.0,0.00025529419121928903
20,47,0.08102321572304697,0.00039483100926136685,8.020881097615649e-08,0.0,0.00025609650057208393
20,48,0.0890852248744673,1.1122609810717049e-05,3.865924920704309e-08,0.0,0.0002586433075778494
20,49,0.06920345365381927,0.0012908001395158981,5.209045455734725e-08,0.0,0.00025765966928440826
20,50,0.1700755032584404,0.0011163723496504048,4.616262993519526e-08,0.0,0.0002542659853806768
20,51,0.06078141212305729,0.00013274587130331726,8.346849891731238e-08,0.0,0.0002577009606982572
20,52,0.07850650778127027,0.00010523266972671507,7.82174132349764e-08,0.0,0.0002565350018220197
20,53,0.08093675208667639,2.7696664301092173e-05,0.0,0.0,0.00025704647788684276
20,54,0.0780334536306922,2.2481619604982777e-06,1.0886002508416157e-07,0.0,0.0002559521521295088
20,55,0.06408672134257581,0.008806384490757732,1.2407047302357358e-07,0.0,0.0002565031360412721
20,56,0.06809013795435633,0.010052230420895848,6.267492272076328e-08,0.0,0.0002564098656181055
20,57,0.06275876517053186,0.004609560127798147,3.794387290563816e-08,0.0,0.0002583525891261822
20,58,0.07996661971362966,1.381378561435876e-05,1.0708965421028799e-07,0.0,0.00025548933942626186
20,59,0.07083578050916832,0.004614073206023513,6.891233431616893e-08,0.0,0.00025470302316343477
20,60,0.0872208436565526,0.000729055844222427,0.0,0.0,0.00025469890922824524
20,61,0.4123514233604139,0.014451759529460043,0.0,0.0,0.00025459839248650313
20,62,0.10823761111385224,0.00013111770345039663,0.0,0.0,0.00025696358471049435
20,63,0.07605794838184553,0.0001260306548914926,9.749065560778026e-08,0.0,0.00025553601840573906
20,64,0.06981284533550063,0.003025575329540238,1.107092289009728e-07,0.0,0.0002570154935473854
20,65,0.0736745213351852,0.011326249565255323,0.0,0.0,0.0002559551259998266
20,66,0.13093546714639126,3.956069443649687e-06,6.123095282303698e-08,0.0,0.00025790719880043665
20,67,0.06876872029071647,0.0037161749276212208,8.043660050304471e-08,0.0,0.00025578360417295124
20,68,0.07274331269306501,0.0002548065737989595,8.191518638939522e-08,0.0,0.00025787572205347514
20,69,0.057710052012460655,0.026038281501616873,1.3330582927720067e-07,0.0,0.00025896664038697426
20,70,0.07137125842539417,0.0029628601486049494,0.0,0.0,0.00025710178271971226
20,71,0.10402136984211934,5.062135280156966e-06,7.877380856240143e-08,0.0,0.0002585072031320884
20,72,0.06884841097808522,0.0004857590491267991,0.0,0.0,0.00025775559471610625
20,73,0.07106917129500859,0.02753409175025531,5.7793579026407446e-08,0.0,0.000256438490808173
20,74,0.076042523873237,0.000693138509084337,4.2909517273356835e-08,0.0,0.0002575752624231078
20,75,0.06131025440882423,0.01123725067300086,9.244468433757751e-08,0.0,0.00025599079363947884
20,76,1.4096691922384557,5.0021444397483755e-06,0.0,0.0,0.0002562767819943345
20,77,0.07906906936114107,7.144401963155204e-05,7.14827986540829e-08,0.0,0.0002567644637906154
20,78,0.06225121045427539,0.00032228201841728166,1.3185741307263207e-07,0.0,0.00025707976385268386
20,79,0.05796960021962873,0.03480946698975582,1.0311200841093885e-07,0.0,0.0002589764021838917
20,80,0.16093163617036588,1.438017593046596e-05,1.1317432822772337e-07,0.0,0.0002553345636727927
20,81,0.07488924682475556,0.0024646362687410976,0.0,0.0,0.0002555687765608054
20,82,0.06740466866997413,0.004613287975471652,1.1000921327984686e-07,0.0,0.0002554849015861943
20,83,0.0792949338699158,0.0006249598299027721,4.0760751349172677e-08,0.0,0.0002560225819768273
20,84,0.07816084861189924,0.03288524112840053,3.847075017353918e-08,0.0,0.00025486763329862674
20,85,0.07890367973763668,0.0003419805154519132,7.184981984522064e-08,0.0,0.0002589673278674344
20,86,1.1733314055993058,6.964783059373596e-09,8.709904724920268e-08,0.0,0.00025644146006886424
20,87,0.6948284415704168,6.046064301266778e-07,4.911932732202619e-08,0.0,0.00025931000365497553
20,88,0.3242042797743897,1.066425963673925e-05,3.7614250333189934e-08,0.0,0.00025706040959813203
20,89,0.07239232773134069,2.1728140605793087e-05,1.2113400896349638e-07,0.0,0.00025537159295158427
20,90,0.0718967404038068,0.005346673125444394,5.5096106889457426e-08,0.0,0.000256577608872302
20,91,0.08281234096071445,4.1416181416641066e-05,9.069957800848746e-08,0.0,0.0002570228644160422
20,92,0.06168156258780776,0.012020543825762864,4.7221322207966944e-08,0.0,0.00025854322519227
20,93,0.08468795381014015,9.29049093294026e-05,1.2397058069325423e-07,0.0,0.00025399705662059477
20,94,0.0995315844081816,0.03400060534821829,1.0172251300844042e-07,0.0,0.0002541259470964307
20,95,0.09702906907915113,0.0015841477292683093,1.1677482754436063e-07,0.0,0.0002543837948185114
20,96,0.0642342118446458,0.035159849860884336,8.052155962637875e-08,0.0,0.00025611146968299096
20,97,0.06469729817105908,0.02886302932086934,0.0,0.0,0.0002561825904936587
20,98,0.07239069843758586,0.0032428295160992927,4.140669364918489e-08,0.0,0.00025665975364807527
20,99,0.06662212702706104,0.002555088036780066,5.261670522308614e-08,0.0,0.00025934117168724283
40,0,35.31541564777467,0.005916434726935098,7.065303915455056e-08,0.0,0.00025364813965143243
40,1,0.057385868567905805,0.006001592625109679,9.264512879274718e-08,0.0,0.0002587828604422833
40,2,0.0872208436565526,0.000729055844222427,0.0,0.0,0.00025469890922824524
40,3,14.396500263791788,0.015707698233255477,6.840794419725523e-08,0.0,0.00025303962704310677
40,4,9.271826161237863,0.004216751507519061,6.609054664142021e-08,0.0,0.0002538134841355251
40,5,5.511666819766893,1.1037961075470808e-07,6.5041068613221e-08,0.0,0.0002567331204746915
40,6,5.302069495017125,0.0018958419927555341,1.252799449239789e-07,0.0,0.0002532955260594643
40,7,3.626512573566686,0.010299950291470001,0.0,0.0,0.0002544784738244718
40,8,3.61991965137405,0.0006525734681299598,0.0,0.0,0.0002559735871032949
40,9,2.2918363734566176,0.016035867198040024,6.459600326032962e-08,0.0,0.00025398167939736624
40,10,1.4096691922384557,5.0021444397483755e-06,0.0,0.0,0.0002562767819943345
40,11,1.1256491855411603,1.1434601001422835e-09,1.4667702233667652e-07,0.0,0.00025811190959524705
40,12,0.6948284415704168,6.046064301266778e-07,4.911932732202619e-08,0.0,0.00025931000365497553
40,13,0.38497368160964707,3.244394246900521e-09,1.2578141484514176e-07,0.0,0.00025940148149955884
40,14,0.1700755032584404,0.0011163723496504048,4.616262993519526e-08,0.0,0.0002542659853806768
40,15,0.42633187440141496,1.396156788972947e-06,6.909582207292403e-08,0.0,0.00025737449985191376
40,16,0.4123514233604139,0.014451759529460043,0.0,0.0,0.00025459839248650313
40,17,0.4060101265096609,0.006641947571872741,1.0019177251039791e-07,0.0,0.0002533934558317381
40,18,0.06249201016247857,0.03032123893625311,6.04527000923128e-08,0.0,0.00025472502714026093
40,19,0.3242042797743897,1.066425963673925e-05,3.7614250333189934e-08,0.0,0.00025706040959813203
40,20,0.26898511355573756,3.5769815916278035e-06,4.7763412917819525e-08,0.0,0.0002540925517567841
40,21,0.25326942133139674,4.3004459712013963e-05,1.962923028798039e-08,0.0,0.0002564747041542284
40,22,0.24893864401170898,2.339756797317807e-05,4.800889335898873e-08,0.0,0.00025711930109157733
40,23,0.2219414591948192,2.1504181971177333e-05,3.087245761494641e-08,0.0,0.0002575630054692674
40,24,0.2111087863314124,1.9053109749751878e-06,8.563385717569173e-08,0.0,0.0002544613238962578
40,25,0.1785505314322467,1.0718604634208476e-06,9.985819729629919e-08,0.0,0.00025799974951405626
40,26,0.563887135551778,0.0017309142253144534,8.806096946251558e-08,0.0,0.00025385130814700366
40,27,0.14805317589016506,3.9349420760979236e-08,6.8408121552391e-08,0.0,0.0002588904458487197
40,28,0.13196865918004322,5.305036035895288e-07,8.092435913696153e-08,0.0,0.00025840603819632114
40,29,0.13093546714639126,3.956069443649687e-06,6.123095282303698e-08,0.0,0.00025790719880043665
40,30,0.1302280990938101,0.023518314584942652,7.943281804265914e-08,0.0,0.0002537365932831301
40,31,0.12952597510232902,0.00021381880811033576,5.8540704545109535e-08,0.0,0.0002548393970662575
40,32,0.11348809172971823,5.911378813313931e-08,5.554444153792637e-08,0.0,0.0002587293340442414
40,33,0.10733335874815639,0.0007594634279830186,9.295465467549998e-08,0.0,0.0002541534315369119
40,34,0.10402136984211934,5.062135280156966e-06,7.877380856240143e-08,0.0,0.0002585072031320884
40,35,0.10398848973434267,0.0021080577744357243,9.051455134190844e-08,0.0,0.00025427710433465384
40,36,0.10038085814490545,5.765021046574425e-06,5.5222956560780165e-08,0.0,0.00025869830670256983
40,37,1.1733314055993058,6.964783059373596e-09,8.709904724920268e-08,0.0,0.00025644146006886424
40,38,0.05766010753569614,0.017997170108867526,7.653665371269584e-08,0.0,0.0002558788523429922
40,39,0.05805169213609876,0.013208252794767327,1.2091994603592996e-07,0.0,0.0002573889947995754
40,40,0.05820499526971272,0.001335351983397086,1.027529800085382e-07,0.0,0.0002583126761888751
40,41,0.05969000780617272,4.558527658940634e-05,1.7536388909567865e-07,0.0,0.0002578632944060902
40,42,5.46314935779203,8.088591080187006e-05,0.0,0.0,0.00025475632065129634
40,43,0.06072514795214649,0.0032180882915489317,5.511394418432805e-08,0.0,0.00025641998080161763
40,44,0.06078141212305729,0.00013274587130331726,8.346849891731238e-08,0.0,0.0002577009606982572
40,45,0.061267154021321296,0.01119995108065188,1.5463130537253425e-07,0.0,0.00025612887741225385
40,46,0.06131025440882423,0.01123725067300086,9.244468433757751e-08,0.0,0.00025599079363947884
40,47,0.06168156258780776,0.012020543825762864,4.7221322207966944e-08,0.0,0.00025854322519227
40,48,0.0994198739794121,0.004681841405474741,4.1615344080599734e-08,0.0,0.0002543781231347507
40,49,0.06225121045427539,0.00032228201841728166,1.3185741307263207e-07,0.0,0.00025707976385268386
40,50,0.9543170338209095,1.7952747356323477e-06,3.39714878948733e-08,0.0,0.0002559877036790619
40,51,0.8987076025352527,0.022538578620256728,8.024786409343157e-08,0.0,0.00025317287583625467
40,52,0.8596750395492417,0.00013507951026743762,3.976420764110324e-08,0.0,0.0002551302123424242
40,53,0.8287798788898512,2.2946159317110946e-06,4.216605498361423e-08,0.0,0.00026086451784405223
40,54,0.8180416682079745,0.025990108016819377,6.803243392320455e-08,0.0,0.0002534679276939047
40,55,0.7989210012691565,1.6316241800369848e-05,0.0,0.0,0.00025855321583000026
40,56,0.06232161423763359,0.00015231995012233795,1.117883204953351e-07,0.0,0.00025579245587589223
40,57,0.6680534963413536,9.13227500784901e-07,4.921439499711891e-08,0.0,0.0002584600967996162
40,58,0.5669759089284127,9.280648174712307e-08,1.8037759441946595e-07,0.0,0.00025809881840130013
40,59,0.06575050948601201,0.004339889004396766,6.111607993597986e-08,0.0,0.0002559000038345014
40,60,0.08033968841071931,0.0017098745095625624,7.067327635691652e-08,0.0,0.00025550566137389765
40,61,0.07949273576782229,9.654084918963995e-05,0.0,0.0,0.00025705084377130585
40,62,0.07929675164932956,0.0004988291936447644,5.6770557373388786e-08,0.0,0.0002570572966058023
40,63,0.0792949338699158,0.0006249598299027721,4.0760751349172677e-08,0.0,0.0002560225819768273
40,64,0.07923811179208587,6.880509087654352e-07,6.323885456030171e-08,0.0,0.00025904422284636126
40,65,0.07906906936114107,7.144401963155204e-05,7.14827986540829e-08,0.0,0.0002567644637906154
40,66,0.07850650778127027,0.00010523266972671507,7.82174132349764e-08,0.0,0.0002565350018220197
40,67,0.07686461836998212,0.0005612535763354013,4.790449570053451e-08,0.0,0.00025713318377924003
40,68,0.07405961882381158,0.002662076608139245,6.145365526391654e-08,0.0,0.0002576796921178825
40,69,0.06669075601772102,0.011919858599159571,0.0,0.0,0.0002608415315624877
40,70,0.065982258639155,0.00016100650113940083,9.161937154738586e-08,0.0,0.00025688871611405844
40,71,0.08056965456873953,7.860839484654655e-05,4.9765799732291054e-08,0.0,0.0002569736356778799
40,72,0.06564573710811335,0.00011555123938684983,9.962291258775736e-08,0.0,0.0002588321400317598
40,73,0.06539540571927074,4.534082688096294e-06,3.5014695467876706e-08,0.0,0.000259118836535097
40,74,0.06532105739478532,1.3143562652588432e-06,1.0493671698063069e-07,0.0,0.00025519299554936956
40,75,0.06490393850431908,0.0009272596258907862,6.428873767490853e-08,0.0,0.0002564058214424915
40,76,0.06470184955154494,0.002314922937369865,9.805727548887262e-08,0.0,0.00025551490369945634
40,77,0.06469729817105908,0.02886302932086934,0.0,0.0,0.0002561825904936587
40,78,0.06416148023437258,0.00018269052008175086,8.009123072235299e-08,0.0,0.00025766241502329977
40,79,0.06404233779476902,0.017328280091995926,0.0,0.0,0.00025664027277566884
40,80,0.06314283658966906,0.0033335174854708604,3.409563822703511e-08,0.0,0.00025692241647419414
40,81,0.06296365675100554,0.021765964174079028,4.276907215648761e-08,0.0,0.00025663389132957225
40,82,0.08503735710114521,0.0030906927929751746,0.0,0.0,0.00025664407114280084
40,83,0.09718689359661843,6.781328545865468e-07,1.1318383317802966e-07,0.0,0.00026065108369605425
40,84,0.09702906907915113,0.0015841477292683093,1.1677482754436063e-07,0.0,0.0002543837948185114
40,85,0.091096760358284,2.3546057732063113e-06,9.143054231382923e-08,0.0,0.00025686336370205005
40,86,0.09016027402908106,3.0479171674371317e-05,0.0,0.0,0.0002566991625242715
40,87,0.0890852248744673,1.1122609810717049e-05,3.865924920704309e-08,0.0,0.0002586433075778494
40,88,0.0877411960073238,0.00016523228939396042,0.0,0.0,0.0002561250106347825
40,89,0.06275876517053186,0.004609560127798147,3.794387290563816e-08,0.0,0.0002583525891261822
40,90,0.08637797997724851,0.011917672704631286,6.422574465367226e-08,0.0,0.0002552880217487538
40,91,0.08597848403513356,0.00042230572923895995,3.70208554339236e-08,0.0,0.0002561497993750124
40,92,0.08563482049666415,4.148142004484682e-05,6.545196783416663e-08,0.0,0.00025529419121928903
40,93,0.06276174619143304,0.027703329272283018,1.2408849198995544e-07,0.0,0.00025531972567080985
40,94,0.08497998434171691,3.4974969131355813e-06,8.353778552892524e-08,0.0,0.00025552288131720503
40,95,0.08468795381014015,9.29049093294026e-05,1.2397058069325423e-07,0.0,0.00025399705662059477
40,96,0.08446618738380675,5.779470580753944e-05,4.3523185319782157e-08,0.0,0.000255908087858484
40,97,0.08426997707619824,0.00012794924336529247,4.923398393079564e-08,0.0,0.00025587577719675153
40,98,0.0842627380381702,0.016007138323876857,6.452617550415607e-08,0.0,0.0002558548661509355
40,99,0.08370130969802807,5.392331118164158e-05,8.3333696983625e-08,0.0,0.00025451297861612453
60,0,35.31541564777467,0.005916434726935098,7.065303915455056e-08,0.0,0.00025364813965143243
60,1,0.05604035405026397,0.0107346727747834,1.2518129856134566e-07,0.0,0.00025689158068254673
60,2,0.9543170338209095,1.7952747356323477e-06,3.39714878948733e-08,0.0,0.0002559877036790619
60,3,0.3511748259517845,0.020925391197607633,1.2009699521223043e-07,0.0,0.00025386756157430167
60,4,0.09199616118416562,0.026646858077103843,5.1839837223587115e-08,0.0,0.0002539399459785042
60,5,0.6680534963413536,9.13227500784901e-07,4.921439499711891e-08,0.0,0.0002584600967996162
60,6,1.4096691922384557,5.0021444397483755e-06,0.0,0.0,0.0002562767819943345
60,7,1.753046192790007,0.008611942100387565,5.126700985909351e-08,0.0,0.00025359659178486317
60,8,2.952023249007936,3.8321057231852876e-07,1.1765923681728828e-07,0.0,0.00025482966811350607
60,9,3.61991965137405,0.0006525734681299598,0.0,0.0,0.0002559735871032949
60,10,3.626512573566686,0.010299950291470001,0.0,0.0,0.0002544784738244718
60,11,4.971876748303306,0.0064114002241089756,8.04608823645168e-08,0.0,0.00025307003134330196
60,12,5.302069495017125,0.0018958419927555341,1.252799449239789e-07,0.0,0.0002532955260594643
60,13,14.396500263791788,0.015707698233255477,6.840794419725523e-08,0.0,0.00025303962704310677
60,14,5.46314935779203,8.088591080187006e-05,0.0,0.0,0.00025475632065129634
60,15,9.271826161237863,0.004216751507519061,6.609054664142021e-08,0.0,0.0002538134841355251
60,16,0.13084012666394276,0.036348342755784316,6.303222352169553e-08,0.0,0.000253569583803288
60,17,0.08563482049666415,4.148142004484682e-05,6.545196783416663e-08,0.0,0.00025529419121928903
60,18,0.1302280990938101,0.023518314584942652,7.943281804265914e-08,0.0,0.0002537365932831301
60,19,0.12952597510232902,0.00021381880811033576,5.8540704545109535e-08,0.0,0.0002548393970662575
60,20,0.12931466913467068,0.018672040774216917,5.452997962899443e-08,0.0,0.0002542026658907936
60,21,0.11348809172971823,5.911378813313931e-08,5.554444153792637e-08,0.0,0.0002587293340442414
60,22,0.10733335874815639,0.0007594634279830186,9.295465467549998e-08,0.0,0.0002541534315369119
60,23,0.10398848973434267,0.0021080577744357243,9.051455134190844e-08,0.0,0.00025427710433465384
60,24,0.0994198739794121,0.004681841405474741,4.1615344080599734e-08,0.0,0.0002543781231347507
60,25,0.09702906907915113,0.0015841477292683093,1.1677482754436063e-07,0.0,0.0002543837948185114
60,26,0.09683835968050049,5.505329979213021e-10,6.326513209825796e-08,0.0,0.00025556981633334747
60,27,0.09016027402908106,3.0479171674371317e-05,0.0,0.0,0.0002566991625242715
60,28,0.08923704841073754,0.017403953274506348,9.19914220726196e-08,0.0,0.00025416370015135016
60,29,0.0877411960073238,0.00016523228939396042,0.0,0.0,0.0002561250106347825
60,30,0.0872208436565526,0.000729055844222427,0.0,0.0,0.00025469890922824524
60,31,0.08641411838646469,0.0057610041911901385,1.1612658727959733e-07,0.0,0.00025427322224758786
60,32,0.08597848403513356,0.00042230572923895995,3.70208554339236e-08,0.0,0.0002561497993750124
60,33,0.4060101265096609,0.006641947571872741,1.0019177251039791e-07,0.0,0.0002533934558317381
60,34,5.456265123537791,0.020137749283109838,0.0,0.0,0.000254087209566755
60,35,0.8987076025352527,0.022538578620256728,8.024786409343157e-08,0.0,0.00025317287583625467
60,36,0.8596750395492417,0.00013507951026743762,3.976420764110324e-08,0.0,0.0002551302123424242
60,37,0.8287798788898512,2.2946159317110946e-06,4.216605498361423e-08,0.0,0.00026086451784405223
60,38,0.8180416682079745,0.025990108016819377,6.803243392320455e-08,0.0,0.0002534679276939047
60,39,0.6948284415704168,6.046064301266778e-07,4.911932732202619e-08,0.0,0.00025931000365497553
60,40,0.563887135551778,0.0017309142253144534,8.806096946251558e-08,0.0,0.00025385130814700366
60,41,0.4233332253224221,0.005471203427270815,8.410112074855155e-08,0.0,0.00025384062840550886
60,42,0.4123514233604139,0.014451759529460043,0.0,0.0,0.00025459839248650313
60,43,0.1700755032584404,0.0011163723496504048,4.616262993519526e-08,0.0,0.0002542659853806768
60,44,0.3731871178819302,0.00036790619624214687,3.802950341513298e-08,0.0,0.0002558776916664384
60,45,0.3242042797743897,1.066425963673925e-05,3.7614250333189934e-08,0.0,0.00025706040959813203
60,46,0.26898511355573756,3.5769815916278035e-06,4.7763412917819525e-08,0.0,0.0002540925517567841
60,47,0.25326942133139674,4.3004459712013963e-05,1.962923028798039e-08,0.0,0.0002564747041542284
60,48,0.24893864401170898,2.339756797317807e-05,4.800889335898873e-08,0.0,0.00025711930109157733
60,49,0.2111087863314124,1.9053109749751878e-06,8.563385717569173e-08,0.0,0.0002544613238962578
60,50,0.20886802651090744,8.97229267457923e-05,7.621816910099847e-08,0.0,0.0002551947404749741
60,51,0.2056360157898881,0.009856586909383345,3.604215579688157e-08,0.0,0.0002541922374963474
60,52,0.06168156258780776,0.012020543825762864,4.7221322207966944e-08,0.0,0.00025854322519227
60,53,0.06837823541630433,0.000486039776782459,8.310998872411382e-08,0.0,0.0002557126483723893
60,54,0.06470184955154494,0.002314922937369865,9.805727548887262e-08,0.0,0.00025551490369945634
60,55,0.06456537012331638,0.011195871362608582,1.1042063855911797e-07,0.0,0.00025521152283898
60,56,0.06343277704115857,0.006510069608915826,4.523102585806604e-08,0.0,0.00025602960452460053
60,57,0.06332038541854151,1.1470058696429602e-05,6.862234841948476e-08,0.0,0.00025682262951605834
60,58,0.06314283658966906,0.0033335174854708604,3.409563822703511e-08,0.0,0.00025692241647419414
60,59,0.06275876517053186,0.004609560127798147,3.794387290563816e-08,0.0,0.0002583525891261822
60,60,0.06275699667643611,0.010357613748139406,0.0,0.0,0.00026096227977177595
60,61,0.06274398718123204,0.026423162718146386,1.0301195316112413e-07,0.0,0.0002546910556916449
60,62,0.06249201016247857,0.03032123893625311,6.04527000923128e-08,0.0,0.00025472502714026093
60,63,0.06232161423763359,0.00015231995012233795,1.117883204953351e-07,0.0,0.00025579245587589223
60,64,0.06225121045427539,0.00032228201841728166,1.3185741307263207e-07,0.0,0.00025707976385268386
60,65,0.06850122528064985,2.128120988034213e-05,1.0853992937465088e-07,0.0,0.0002567097346312853
60,66,0.06131025440882423,0.01123725067300086,9.244468433757751e-08,0.0,0.00025599079363947884
60,67,0.061267154021321296,0.01119995108065188,1.5463130537253425e-07,0.0,0.00025612887741225385
60,68,0.06078141212305729,0.00013274587130331726,8.346849891731238e-08,0.0,0.0002577009606982572
60,69,0.06072514795214649,0.0032180882915489317,5.511394418432805e-08,0.0,0.00025641998080161763
60,70,0.05969000780617272,4.558527658940634e-05,1.7536388909567865e-07,0.0,0.0002578632944060902
60,71,0.05958220922587484,0.015479522383732068,0.0,0.0,0.0002547902704843355
60,72,0.05950829292858004,0.0015967231212745507,7.775945090182909e-08,0.0,0.00025836076794138183
60,73,0.05820499526971272,0.001335351983397086,1.027529800085382e-07,0.0,0.0002583126761888751
60,74,0.05805169213609876,0.013208252794767327,1.2091994603592996e-07,0.0,0.0002573889947995754
60,75,0.05766010753569614,0.017997170108867526,7.653665371269584e-08,0.0,0.0002558788523429922
60,76,0.057385868567905805,0.006001592625109679,9.264512879274718e-08,0.0,0.0002587828604422833
60,77,0.08123623538854456,3.5200071518327944e-05,9.546150793320928e-08,0.0,0.0002562111051556186
60,78,0.08497998434171691,3.4974969131355813e-06,8.353778552892524e-08,0.0,0.00025552288131720503
60,79,0.08468795381014015,9.29049093294026e-05,1.2397058069325423e-07,0.0,0.00025399705662059477
60,80,0.08446618738380675,5.779470580753944e-05,4.3523185319782157e-08,0.0,0.000255908087858484
60,81,0.08426997707619824,0.00012794924336529247,4.923398393079564e-08,0.0,0.00025587577719675153
60,82,0.08424040225492144,7.239831345022733e-07,5.349390204109117e-08,0.0,0.00025644839941008817
60,83,0.08370130969802807,5.392331118164158e-05,8.3333696983625e-08,0.0,0.00025451297861612453
60,84,0.08327784081676366,0.010078662271348559,9.319064258508935e-08,0.0,0.00025502741871294475
60,85,0.08325548721545456,1.4082501761718537e-07,6.564326512896431e-08,0.0,0.00025808038313718024
60,86,0.08311879689919839,0.011334268426713185,1.2486928075647468e-07,0.0,0.00025500565114912425
60,87,0.0820363844150191,0.00015204056005094268,7.279634506298552e-08,0.0,0.0002564042455610732
60,88,0.08140664684238294,9.637888999960799e-05,1.0826973967455942e-07,0.0,0.0002553968403890577
60,89,0.08131264216656552,2.574417297496536e-06,0.0,0.0,0.00025774141043221423
60,90,0.08503735710114521,0.0030906927929751746,0.0,0.0,0.00025664407114280084
60,91,0.08065330421960729,0.00045608939021131754,5.2626714894684804e-08,0.0,0.0002553863869834335
60,92,0.08056965456873953,7.860839484654655e-05,4.9765799732291054e-08,0.0,0.0002569736356778799
60,93,0.08033968841071931,0.0017098745095625624,7.067327635691652e-08,0.0,0.00025550566137389765
60,94,0.08023957173132304,0.010139801778502978,2.7707456446380577e-08,0.0,0.00025623482068388623
60,95,0.07949273576782229,9.654084918963995e-05,0.0,0.0,0.00025705084377130585
60,96,0.07831022194896245,0.005512612438348779,2.259244201525773e-08,0.0,0.00025782419680607386
60,97,0.07767174098324593,0.002717262306637641,6.740456064926737e-08,0.0,0.00025622343490186157
60,98,0.0765016849123329,0.009275163766842615,2.0799863209207374e-08,0.0,0.00025694303560709695
60,99,0.07608169093467862,0.014750817842562563,8.897590537272036e-08,0.0,0.0002553161076975099
80,0,14.396500263791788,0.015707698233255477,6.840794419725523e-08,0.0,0.00025303962704310677
80,1,0.05024650687401526,0.030505611070232242,4.877539026726452e-08,0.0,0.0002594381335845676
80,2,0.12931466913467068,0.018672040774216917,5.452997962899443e-08,0.0,0.0002542026658907936
80,3,0.1331293626555443,3.301887370379784e-05,0.0,0.0,0.00025450850121532697
80,4,0.07899601560455521,0.014070417413576486,3.1261418873648905e-08,0.0,0.00025667141054258635
80,5,0.26898511355573756,3.5769815916278035e-06,4.7763412917819525e-08,0.0,0.0002540925517567841
80,6,0.4233332253224221,0.005471203427270815,8.410112074855155e-08,0.0,0.00025384062840550886
80,7,0.5805362768241674,2.688297167940208e-06,5.6674512801209033e-08,0.0,0.00025545980908689414
80,8,0.0896010184617596,0.010015538049989461,1.350320995159579e-07,0.0,0.00025361875543373406
80,9,0.7576994953007405,0.028833857709688628,0.0,0.0,0.000254156226295651
80,10,0.8750893425911264,0.0019507633973049852,5.3640692202254175e-08,0.0,0.00025325245310850404
80,11,0.061267154021321296,0.01119995108065188,1.5463130537253425e-07,0.0,0.00025612887741225385
80,12,0.9543170338209095,1.7952747356323477e-06,3.39714878948733e-08,0.0,0.0002559877036790619
80,13,5.456265123537791,0.020137749283109838,0.0,0.0,0.000254087209566755
80,14,5.302069495017125,0.0018958419927555341,1.252799449239789e-07,0.0,0.0002532955260594643
80,15,4.971876748303306,0.0064114002241089756,8.04608823645168e-08,0.0,0.00025307003134330196
80,16,3.626512573566686,0.010299950291470001,0.0,0.0,0.0002544784738244718
80,17,3.529039579699474,4.123040990616062e-06,4.4366492562330397e-08,0.0,0.00025538589183025164
80,18,1.753046192790007,0.008611942100387565,5.126700985909351e-08,0.0,0.00025359659178486317
80,19,1.4096691922384557,5.0021444397483755e-06,0.0,0.0,0.0002562767819943345
80,20,2.952023249007936,3.8321057231852876e-07,1.1765923681728828e-07,0.0,0.00025482966811350607
80,21,0.09702906907915113,0.0015841477292683093,1.1677482754436063e-07,0.0,0.0002543837948185114
80,22,0.0877411960073238,0.00016523228939396042,0.0,0.0,0.0002561250106347825
80,23,0.11098035904430835,0.0016459798269709734,5.5916827303923883e-08,0.0,0.0002544889996377333
80,24,0.11005236193347415,0.0005846508419168081,5.5658788574810317e-08,0.0,0.0002550691788172171
80,25,0.10733335874815639,0.0007594634279830186,9.295465467549998e-08,0.0,0.0002541534315369119
80,26,0.10398848973434267,0.0021080577744357243,9.051455134190844e-08,0.0,0.00025427710433465384
80,27,0.08641411838646469,0.0057610041911901385,1.1612658727959733e-07,0.0,0.00025427322224758786
80,28,0.0994198739794121,0.004681841405474741,4.1615344080599734e-08,0.0,0.0002543781231347507
80,29,0.09683835968050049,5.505329979213021e-10,6.326513209825796e-08,0.0,0.00025556981633334747
80,30,0.09567463217568624,0.023312840575729663,3.375888042024833e-08,0.0,0.00025439845086763384
80,31,0.09415976929237738,2.555587199356998e-08,7.293146590916664e-08,0.0,0.0002571684638058361
80,32,0.09341784319989463,0.0068424108671294144,3.809291841215433e-08,0.0,0.0002546497017235021
80,33,0.09199616118416562,0.026646858077103843,5.1839837223587115e-08,0.0,0.0002539399459785042
80,34,0.08923704841073754,0.017403953274506348,9.19914220726196e-08,0.0,0.00025416370015135016
80,35,0.09016027402908106,3.0479171674371317e-05,0.0,0.0,0.0002566991625242715
80,36,0.2111087863314124,1.9053109749751878e-06,8.563385717569173e-08,0.0,0.0002544613238962578
80,37,0.8987076025352527,0.022538578620256728,8.024786409343157e-08,0.0,0.00025317287583625467
80,38,0.8180416682079745,0.025990108016819377,6.803243392320455e-08,0.0,0.0002534679276939047
80,39,0.7140967645459249,0.0026750917904613367,4.36655059381136e-08,0.0,0.00025415513372943155
80,40,0.6393013403082906,0.004463474517250772,1.1373832511988054e-07,0.0,0.0002535040143999561
80,41,0.563887135551778,0.0017309142253144534,8.806096946251558e-08,0.0,0.00025385130814700366
80,42,0.4060101265096609,0.006641947571872741,1.0019177251039791e-07,0.0,0.0002533934558317381
80,43,0.38630165932725563,0.010920648851100247,9.452438945845758e-08,0.0,0.00025371068982554324
80,44,0.3511748259517845,0.020925391197607633,1.2009699521223043e-07,0.0,0.00025386756157430167
80,45,0.11348809172971823,5.911378813313931e-08,5.554444153792637e-08,0.0,0.0002587293340442414
80,46,0.2056360157898881,0.009856586909383345,3.604215579688157e-08,0.0,0.0002541922374963474
80,47,0.18871066101792838,1.2850715859915093e-05,5.824848284354361e-08,0.0,0.0002561539462084966
80,48,0.1700755032584404,0.0011163723496504048,4.616262993519526e-08,0.0,0.0002542659853806768
80,49,0.13084012666394276,0.036348342755784316,6.303222352169553e-08,0.0,0.000253569583803288
80,50,0.1305698503912966,0.00464818194094611,4.513536155089949e-08,0.0,0.0002544449196334331
80,51,0.1302280990938101,0.023518314584942652,7.943281804265914e-08,0.0,0.0002537365932831301
80,52,0.12952597510232902,0.00021381880811033576,5.8540704545109535e-08,0.0,0.0002548393970662575
80,53,0.06131025440882423,0.01123725067300086,9.244468433757751e-08,0.0,0.00025599079363947884
80,54,0.06470184955154494,0.002314922937369865,9.805727548887262e-08,0.0,0.00025551490369945634
80,55,0.06456537012331638,0.011195871362608582,1.1042063855911797e-07,0.0,0.00025521152283898
80,56,0.06352067110882717,0.00027068729853879024,8.32172576161638e-08,0.0,0.00025611754938802296
80,57,0.06343277704115857,0.006510069608915826,4.523102585806604e-08,0.0,0.00025602960452460053
80,58,0.06332038541854151,1.1470058696429602e-05,6.862234841948476e-08,0.0,0.00025682262951605834
80,59,0.06314283658966906,0.0033335174854708604,3.409563822703511e-08,0.0,0.00025692241647419414
80,60,0.06298165612378229,0.01286721970909734,5.468777856606198e-08,0.0,0.00025601667381466446
80,61,0.06274398718123204,0.026423162718146386,1.0301195316112413e-07,0.0,0.0002546910556916449
80,62,0.06249201016247857,0.03032123893625311,6.04527000923128e-08,0.0,0.00025472502714026093
80,63,0.062364839446858514,0.03825892758931159,1.1529834782551138e-07,0.0,0.0002545895819671715
80,64,0.06232161423763359,0.00015231995012233795,1.117883204953351e-07,0.0,0.00025579245587589223
80,65,0.06225121045427539,0.00032228201841728166,1.3185741307263207e-07,0.0,0.00025707976385268386
80,66,0.06625488088579025,0.0013048628677620774,6.178380532743827e-08,0.0,0.000257849182807566
80,67,0.06097510593726288,0.032369456320992446,1.0762690376561197e-07,0.0,0.0002547519911800712
80,68,0.06078141212305729,0.00013274587130331726,8.346849891731238e-08,0.0,0.0002577009606982572
80,69,0.06072514795214649,0.0032180882915489317,5.511394418432805e-08,0.0,0.00025641998080161763
80,70,0.05969000780617272,4.558527658940634e-05,1.7536388909567865e-07,0.0,0.0002578632944060902
80,71,0.05958220922587484,0.015479522383732068,0.0,0.0,0.0002547902704843355
80,72,0.05919371896460618,0.00028644194465780436,0.0,0.0,0.0002582842430156488
80,73,0.05820499526971272,0.001335351983397086,1.027529800085382e-07,0.0,0.0002583126761888751
80,74,0.05766010753569614,0.017997170108867526,7.653665371269584e-08,0.0,0.0002558788523429922
80,75,0.057602793761837905,0.007967717255954314,6.311081272994276e-08,0.0,0.0002569832903618281
80,76,0.05604035405026397,0.0107346727747834,1.2518129856134566e-07,0.0,0.00025689158068254673
80,77,0.05422978100564637,0.0015531677518981495,6.261941965259006e-08,0.0,0.00025829160136351607
80,78,0.08325548721545456,1.4082501761718537e-07,6.564326512896431e-08,0.0,0.00025808038313718024
80,79,0.08677238538301676,3.307540431787588e-07,3.2153513219576826e-08,0.0,0.0002562222596416676
80,80,0.08597848403513356,0.00042230572923895995,3.70208554339236e-08,0.0,0.0002561497993750124
80,81,0.08563482049666415,4.148142004484682e-05,6.545196783416663e-08,0.0,0.00025529419121928903
80,82,0.08538826390317981,0.0021900093364391328,0.0,0.0,0.0002570238208457943
80,83,0.08503735710114521,0.0030906927929751746,0.0,0.0,0.00025664407114280084
80,84,0.08497998434171691,3.4974969131355813e-06,8.353778552892524e-08,0.0,0.00025552288131720503
80,85,0.08468795381014015,9.29049093294026e-05,1.2397058069325423e-07,0.0,0.00025399705662059477
80,86,0.08446618738380675,5.779470580753944e-05,4.3523185319782157e-08,0.0,0.000255908087858484
80,87,0.08426997707619824,0.00012794924336529247,4.923398393079564e-08,0.0,0.00025587577719675153
80,88,0.08424040225492144,7.239831345022733e-07,5.349390204109117e-08,0.0,0.00025644839941008817
80,89,0.08407949915695602,7.383897163944903e-05,7.831958265158815e-08,0.0,0.0002553814595380716
80,90,0.08370130969802807,5.392331118164158e-05,8.3333696983625e-08,0.0,0.00025451297861612453
80,91,0.0872208436565526,0.000729055844222427,0.0,0.0,0.00025469890922824524
80,92,0.08302271519278616,0.00482730162895508,0.0,0.0,0.00025675609721621
80,93,0.08290057134054103,0.013868336516331476,6.280856436624635e-08,0.0,0.00025476984006364426
80,94,0.08234175739500486,0.03560385005804138,9.381942347524173e-08,0.0,0.0002543770866583762
80,95,0.08140664684238294,9.637888999960799e-05,1.0826973967455942e-07,0.0,0.0002553968403890577
80,96,0.08131264216656552,2.574417297496536e-06,0.0,0.0,0.00025774141043221423
80,97,0.08115232342759268,0.00797267670597633,0.0,0.0,0.00025496725131858935
80,98,0.08065330421960729,0.00045608939021131754,5.2626714894684804e-08,0.0,0.0002553863869834335
80,99,0.08056965456873953,7.860839484654655e-05,4.9765799732291054e-08,0.0,0.0002569736356778799
100,0,14.396500263791788,0.015707698233255477,6.840794419725523e-08,0.0,0.00025303962704310677
100,1,0.05024650687401526,0.030505611070232242,4.877539026726452e-08,0.0,0.0002594381335845676
100,2,0.7576994953007405,0.028833857709688628,0.0,0.0,0.000254156226295651
100,3,0.2111087863314124,1.9053109749751878e-06,8.563385717569173e-08,0.0,0.0002544613238962578
100,4,0.06298165612378229,0.01286721970909734,5.468777856606198e-08,0.0,0.00025601667381466446
100,5,0.26898511355573756,3.5769815916278035e-06,4.7763412917819525e-08,0.0,0.0002540925517567841
100,6,0.4233332253224221,0.005471203427270815,8.410112074855155e-08,0.0,0.00025384062840550886
100,7,0.0896010184617596,0.010015538049989461,1.350320995159579e-07,0.0,0.00025361875543373406
100,8,0.6393013403082906,0.004463474517250772,1.1373832511988054e-07,0.0,0.0002535040143999561
100,9,0.06097510593726288,0.032369456320992446,1.0762690376561197e-07,0.0,0.0002547519911800712
100,10,0.13084012666394276,0.036348342755784316,6.303222352169553e-08,0.0,0.000253569583803288
100,11,0.8987076025352527,0.022538578620256728,8.024786409343157e-08,0.0,0.00025317287583625467
100,12,5.456265123537791,0.020137749283109838,0.0,0.0,0.000254087209566755
100,13,5.302069495017125,0.0018958419927555341,1.252799449239789e-07,0.0,0.0002532955260594643
100,14,4.971876748303306,0.0064114002241089756,8.04608823645168e-08,0.0,0.00025307003134330196
100,15,3.626512573566686,0.010299950291470001,0.0,0.0,0.0002544784738244718
100,16,3.529039579699474,4.123040990616062e-06,4.4366492562330397e-08,0.0,0.00025538589183025164
100,17,1.753046192790007,0.008611942100387565,5.126700985909351e-08,0.0,0.00025359659178486317
100,18,1.4096691922384557,5.0021444397483755e-06,0.0,0.0,0.0002562767819943345
100,19,0.9543170338209095,1.7952747356323477e-06,3.39714878948733e-08,0.0,0.0002559877036790619
100,20,0.12931466913467068,0.018672040774216917,5.452997962899443e-08,0.0,0.0002542026658907936
100,21,0.11950335401448667,0.00010370405528511893,0.0,0.0,0.0002547244786742174
100,22,0.11348809172971823,5.911378813313931e-08,5.554444153792637e-08,0.0,0.0002587293340442414
100,23,0.1302280990938101,0.023518314584942652,7.943281804265914e-08,0.0,0.0002537365932831301
100,24,0.11098035904430835,0.0016459798269709734,5.5916827303923883e-08,0.0,0.0002544889996377333
100,25,0.11005236193347415,0.0005846508419168081,5.5658788574810317e-08,0.0,0.0002550691788172171
100,26,0.09415976929237738,2.555587199356998e-08,7.293146590916664e-08,0.0,0.0002571684638058361
100,27,0.10733335874815639,0.0007594634279830186,9.295465467549998e-08,0.0,0.0002541534315369119
100,28,0.10398848973434267,0.0021080577744357243,9.051455134190844e-08,0.0,0.00025427710433465384
100,29,0.0994198739794121,0.004681841405474741,4.1615344080599734e-08,0.0,0.0002543781231347507
100,30,0.09847238605025398,0.003987096503716054,6.723381712309841e-08,0.0,0.0002543850657942666
100,31,0.09702906907915113,0.0015841477292683093,1.1677482754436063e-07,0.0,0.0002543837948185114
100,32,0.09683835968050049,5.505329979213021e-10,6.326513209825796e-08,0.0,0.00025556981633334747
100,33,0.09589959686324667,0.000599218759194037,6.136324793548794e-08,0.0,0.0002548662142920583
100,34,0.0953421234215697,9.661934610372102e-07,5.93022596113173e-08,0.0,0.00025613288288866854
100,35,0.09485614811017089,9.89230090119074e-05,4.601092304627387e-08,0.0,0.0002557702055239464
100,36,0.09016027402908106,3.0479171674371317e-05,0.0,0.0,0.0002566991625242715
100,37,0.25435193107536624,2.0415920735596952e-07,4.5944249539473915e-08,0.0,0.00025744017808116906
100,38,0.8750893425911264,0.0019507633973049852,5.3640692202254175e-08,0.0,0.00025325245310850404
100,39,0.8180416682079745,0.025990108016819377,6.803243392320455e-08,0.0,0.0002534679276939047
100,40,0.7140967645459249,0.0026750917904613367,4.36655059381136e-08,0.0,0.00025415513372943155
100,41,0.5805362768241674,2.688297167940208e-06,5.6674512801209033e-08,0.0,0.00025545980908689414
100,42,0.563887135551778,0.0017309142253144534,8.806096946251558e-08,0.0,0.00025385130814700366
100,43,0.4060101265096609,0.006641947571872741,1.0019177251039791e-07,0.0,0.0002533934558317381
100,44,0.38630165932725563,0.010920648851100247,9.452438945845758e-08,0.0,0.00025371068982554324
100,45,0.2549031315288834,0.03304438696785066,9.977230054492098e-08,0.0,0.00025316122196637666
100,46,0.1305698503912966,0.00464818194094611,4.513536155089949e-08,0.0,0.0002544449196334331
100,47,0.2056360157898881,0.009856586909383345,3.604215579688157e-08,0.0,0.0002541922374963474
100,48,0.20261382678907597,2.1498767905510138e-05,1.0674787088121721e-07,0.0,0.0002537567735403585
100,49,0.18871066101792838,1.2850715859915093e-05,5.824848284354361e-08,0.0,0.0002561539462084966
100,50,0.1700755032584404,0.0011163723496504048,4.616262993519526e-08,0.0,0.0002542659853806768
100,51,0.15486860793473547,0.006205766737472273,3.683775670566236e-08,0.0,0.0002540177947588102
100,52,0.14462913582435738,3.761894494029844e-09,9.107116915591355e-08,0.0,0.0002547517534808607
100,53,0.1331293626555443,3.301887370379784e-05,0.0,0.0,0.00025450850121532697
100,54,0.1323242833742267,0.00876644878915391,1.2100183704396083e-07,0.0,0.0002541121923320856
100,55,0.06078141212305729,0.00013274587130331726,8.346849891731238e-08,0.0,0.0002577009606982572
100,56,0.06332038541854151,1.1470058696429602e-05,6.862234841948476e-08,0.0,0.00025682262951605834
100,57,0.06314283658966906,0.0033335174854708604,3.409563822703511e-08,0.0,0.00025692241647419414
100,58,0.06274398718123204,0.026423162718146386,1.0301195316112413e-07,0.0,0.0002546910556916449
100,59,0.0627307145449022,4.5851043563859075e-05,1.1998760383707983e-07,0.0,0.0002554794809467929
100,60,0.06272730433623636,0.006234904864351395,1.3925540268828213e-07,0.0,0.0002551996895615251
100,61,0.06249201016247857,0.03032123893625311,6.04527000923128e-08,0.0,0.00025472502714026093
100,62,0.062364839446858514,0.03825892758931159,1.1529834782551138e-07,0.0,0.0002545895819671715
100,63,0.06232161423763359,0.00015231995012233795,1.117883204953351e-07,0.0,0.00025579245587589223
100,64,0.062310423967584586,0.0014367748824197987,7.366321845168097e-08,0.0,0.00025792529650862245
100,65,0.06225121045427539,0.00032228201841728166,1.3185741307263207e-07,0.0,0.00025707976385268386
100,66,0.06131025440882423,0.01123725067300086,9.244468433757751e-08,0.0,0.00025599079363947884
100,67,0.061267154021321296,0.01119995108065188,1.5463130537253425e-07,0.0,0.00025612887741225385
100,68,0.06667773929570005,0.016301815597601816,4.276866428196511e-08,0.0,0.000254420330080596
100,69,0.06072514795214649,0.0032180882915489317,5.511394418432805e-08,0.0,0.00025641998080161763
100,70,0.05969000780617272,4.558527658940634e-05,1.7536388909567865e-07,0.0,0.0002578632944060902
100,71,0.05958220922587484,0.015479522383732068,0.0,0.0,0.0002547902704843355
100,72,0.05919371896460618,0.00028644194465780436,0.0,0.0,0.0002582842430156488
100,73,0.05883374150974054,0.00011444773281274973,5.996572923570159e-08,0.0,0.0002584463335098855
100,74,0.05820499526971272,0.001335351983397086,1.027529800085382e-07,0.0,0.0002583126761888751
100,75,0.0577452905250772,0.023259557477883108,0.0,0.0,0.00025691011078597366
100,76,0.05766010753569614,0.017997170108867526,7.653665371269584e-08,0.0,0.0002558788523429922
100,77,0.057602793761837905,0.007967717255954314,6.311081272994276e-08,0.0,0.0002569832903618281
100,78,0.05604035405026397,0.0107346727747834,1.2518129856134566e-07,0.0,0.00025689158068254673
100,79,0.05422978100564637,0.0015531677518981495,6.261941965259006e-08,0.0,0.00025829160136351607
100,80,0.08325548721545456,1.4082501761718537e-07,6.564326512896431e-08,0.0,0.00025808038313718024
100,81,0.09199616118416562,0.026646858077103843,5.1839837223587115e-08,0.0,0.0002539399459785042
100,82,0.08923704841073754,0.017403953274506348,9.19914220726196e-08,0.0,0.00025416370015135016
100,83,0.0877411960073238,0.00016523228939396042,0.0,0.0,0.0002561250106347825
100,84,0.0872208436565526,0.000729055844222427,0.0,0.0,0.00025469890922824524
100,85,0.08677238538301676,3.307540431787588e-07,3.2153513219576826e-08,0.0,0.0002562222596416676
100,86,0.08671241342952833,0.008541191969392105,4.7208007885374285e-08,0.0,0.00025519261634808493
100,87,0.08641411838646469,0.0057610041911901385,1.1612658727959733e-07,0.0,0.00025427322224758786
100,88,0.08597848403513356,0.00042230572923895995,3.70208554339236e-08,0.0,0.0002561497993750124
100,89,0.08426997707619824,0.00012794924336529247,4.923398393079564e-08,0.0,0.00025587577719675153
100,90,0.08424040225492144,7.239831345022733e-07,5.349390204109117e-08,0.0,0.00025644839941008817
100,91,0.08407949915695602,7.383897163944903e-05,7.831958265158815e-08,0.0,0.0002553814595380716
100,92,0.08370130969802807,5.392331118164158e-05,8.3333696983625e-08,0.0,0.00025451297861612453
100,93,0.09341784319989463,0.0068424108671294144,3.809291841215433e-08,0.0,0.0002546497017235021
100,94,0.08298461479124646,0.0028674840404058132,1.2025221760013081e-07,0.0,0.0002550804942089642
100,95,0.08290057134054103,0.013868336516331476,6.280856436624635e-08,0.0,0.00025476984006364426
100,96,0.081790063138883,7.37018410113192e-05,0.0,0.0,0.0002565469749173686
100,97,0.08167449501743596,0.005613499886657557,6.62944840126664e-08,0.0,0.00025547466156973004
100,98,0.08140664684238294,9.637888999960799e-05,1.0826973967455942e-07,0.0,0.0002553968403890577
100,99,0.08131264216656552,2.574417297496536e-06,0.0,0.0,0.00025774141043221423
